version,documento,materia,region,anio,convocatoria,pdf_fuente,pdf_publicado,sha256_fuente,sha256_publicado,pdf_identico_al_publicado,pdf_paginas,desde,anexo_tipo,anexo_id,contiene_criterios,nodos_examen,nodos_puntuados,nodos_puntuados_cubiertos_por_jerarquia,entradas,nodos_distintos,nodos_inexistentes,nodos_duplicados,generales,generales_solape_pdf,idiomas_declarados,respuestas_en_rubrica,paginas_invalidas,desgloses_no_suman,sin_correspondencia,incidencias,hallazgos_automaticos,revision_semantica
gpt-6-luna__r1,17445f0ab770,Química,Comunidad Valenciana,2023,ordinaria,data/pdfs/comunidad-valenciana/quimica/2023-ordinaria-criterios-llibreta-93c019930f9d.pdf,datos/pdfs/93c019930f9d.pdf,74aa29bc323de96ff26b9e8c49e9a1042ce07cf8ba92cf7dfc78e5415ac34d75,74aa29bc323de96ff26b9e8c49e9a1042ce07cf8ba92cf7dfc78e5415ac34d75,True,1,1,criterios,93c019930f9d,True,48,43,0,0,0,[],[],12,0.947,"['es', 'va']",0,0,0,[],[],"[{'regla': 'nodos-sin-rubrica', 'grave': False, 'detalle': 'n10, n11, n12, n13, n15, n16, n17, n18, n19, n2, n20, n21, n22, n23, n24, n25, n26, n27, n28, n29, n3, n30, n31, n32, n33, n34, n35, n36, n37, n38, n39, n4, n40, n41, n45, n46, n47, n48, n5, n6, n7, n8, n9'}]",solo_criterios_generales
gpt-6-luna__r1,2787fc4d640f,Química,Madrid,2019,modelo,data/pdfs/madrid/quimica/2019-modelo-modelo-uc3m-2787fc4d640f.pdf,datos/pdfs/2787fc4d640f.pdf,147e45949a69e8d460452e2c64130ba640d922cccb00f32ff11694e1cba9f351,147e45949a69e8d460452e2c64130ba640d922cccb00f32ff11694e1cba9f351,True,11,3,criterios,,True,46,44,44,34,34,[],[],3,1.0,['es'],34,0,0,[],"['El apartado B2 b) aparece sin la etiqueta «b)» en el árbol; se ha asociado al nodo n31 por corresponder a la segunda reacción de la serie B2.', 'El apartado A1 c) aparece como un esquema gráfico en el documento; el texto extraído no permite transcribir con detalle los pares de electrones representados.']",[],sin_alerta_en_cotejo_sistematico
gpt-6-luna__r1,3c134e1125e6,Historia de España,Comunidad Valenciana,2026,ordinaria,data/pdfs/comunidad-valenciana/historia-de-espana/2026-ordinaria-criterios-llibreta-7c5377981b00.pdf,datos/pdfs/7c5377981b00.pdf,4e28772083044b4ceca6e414923c72abfae6b35b504e82ca123e15a3a78ff703,4e28772083044b4ceca6e414923c72abfae6b35b504e82ca123e15a3a78ff703,True,6,1,criterios,7c5377981b00,True,14,5,5,11,11,[],[],4,0.941,"['va', 'es']",9,0,0,[],"['En la respuesta de la pregunta 4, el documento dice literalmente «legalización de las venta y ocupaciones» en castellano y «legalització de les venda i ocupacions» en valenciano; se conserva la errata gramatical.', 'En la respuesta de la pregunta 3.2 en valenciano, el documento dice literalmente «en es quals»; se conserva la errata.']",[],pagina_criterio_incorrecta
gpt-6-luna__r1,49e9ef3c3296,Matemáticas II,País Vasco,2026,extraordinaria,data/pdfs/pais-vasco/matematicas-ii/2026-extraordinaria-solucion-ehu-a77749e62a45.pdf,datos/pdfs/a77749e62a45.pdf,7ef7d7eb6b34f25b6a1174a89c5b35dfbebc7db52d19080b08139aefd33937ab,7ef7d7eb6b34f25b6a1174a89c5b35dfbebc7db52d19080b08139aefd33937ab,True,6,1,solucion,a77749e62a45,True,19,15,15,13,13,[],[],15,0.854,['es'],13,0,0,[],"['En el tercer ejercicio, los criterios dan $0{,}75$ puntos a cada apartado (a) y (b), mientras que el enunciado asigna $1$ punto a cada uno.']","[{'regla': 'puntos-distintos', 'grave': False, 'detalle': 'n7: enunciado 2.0, criterios 0.5'}, {'regla': 'puntos-distintos', 'grave': False, 'detalle': 'n8: enunciado 1.0, criterios 0.75'}, {'regla': 'puntos-distintos', 'grave': False, 'detalle': 'n9: enunciado 1.0, criterios 0.75'}]",sin_alerta_en_cotejo_sistematico
gpt-6-luna__r1,5bf79e24ec75,Lengua Castellana y Literatura II,Madrid,2018,ordinaria,data/pdfs/madrid/lengua-castellana-y-literatura-ii/2018-ordinaria-examen-uc3m-5bf79e24ec75.pdf,datos/pdfs/5bf79e24ec75.pdf,92b17031bb1761ba06c33b893b83b5c2494ee04ecf79324f32883ccb8233e9b3,92b17031bb1761ba06c33b893b83b5c2494ee04ecf79324f32883ccb8233e9b3,True,4,3,criterios,,True,26,24,24,20,20,[],[],1,1.0,['es'],0,0,0,[],[],[],sin_alerta_en_cotejo_sistematico
gpt-6-luna__r1,9e8570ee562e,Matemáticas II,País Vasco,2021,ordinaria,data/pdfs/pais-vasco/matematicas-ii/2021-ordinaria-examen-ehu-9e8570ee562e.pdf,datos/pdfs/9e8570ee562e.pdf,dc3ba3b84dffcc917d6407c9db7019a0d1f1c188ee824e7e56f4e338f8069b5d,dc3ba3b84dffcc917d6407c9db7019a0d1f1c188ee824e7e56f4e338f8069b5d,True,12,7,criterios,,True,27,5,5,18,18,[],[],7,0.963,['es'],18,0,0,[],[],[],sin_alerta_en_cotejo_sistematico
gpt-6-luna__r2,03364198c8fb,Francés,Madrid,2025,ordinaria,data/pdfs/madrid/frances/2025-ordinaria-examen-uc3m-03364198c8fb.pdf,datos/pdfs/03364198c8fb.pdf,e512d9ff81b009eb30c96d023dea6d2b8316d66b09e4a630935c26953e580565,e512d9ff81b009eb30c96d023dea6d2b8316d66b09e4a630935c26953e580565,True,11,6,criterios,,True,51,21,21,47,47,[],[],5,0.967,"['es', 'fr']",29,0,0,[],"['Los puntos indicados en la página $1$ para la pregunta $3.1$ ($0{,}5$ puntos) y la pregunta $3.2$ ($0{,}25$ puntos) no coinciden con los puntos de las soluciones de la página $5$ ($1$ punto y $2$ puntos, respectivamente). Se han consignado en «puntos» las puntuaciones explícitas de las soluciones, y se ha conservado en «criterios» la indicación discrepante de la página $1$.', 'La rúbrica de la pregunta $4.1$ indica que la puntuación máxima por adecuación corresponde a una extensión de $100$ a $120$ palabras, mientras que el enunciado de la pregunta establece un rango de $100$ a $200$ palabras.']",[],sin_alerta_en_cotejo_sistematico
gpt-6-luna__r2,070c3795d83c,Técnicas de Expresión Gráfico-Plástica,País Vasco,2026,extraordinaria,data/pdfs/pais-vasco/tecnicas-de-expresion-grafico-plastica/2026-extraordinaria-solucion-ehu-d84a81a0f038.pdf,datos/pdfs/d84a81a0f038.pdf,45887cbb901be38537ed85b47c53c2e6a8ea940f1e2643b05e36df03dcacd766,45887cbb901be38537ed85b47c53c2e6a8ea940f1e2643b05e36df03dcacd766,True,4,1,solucion,d84a81a0f038,True,13,4,4,9,9,[],[],0,,['es'],0,0,2,[],"['En las rúbricas de Boceto 1 y Boceto 2 (páginas 3 y 4), cada aspecto puede recibir hasta $0{,}2$ puntos y se incluyen cinco aspectos, pero el total de cada tabla figura como «Total (sobre $0{,}1$)».']","[{'regla': 'desglose-no-suma', 'grave': False, 'detalle': 'n5: 10.0 de 5.0'}, {'regla': 'desglose-no-suma', 'grave': False, 'detalle': 'n13: 10.0 de 5.0'}]",error_confirmado
gpt-6-luna__r2,0a50595f8036,Dibujo Artístico II,Madrid,2026,ordinaria,data/pdfs/madrid/dibujo-artistico-ii/2026-ordinaria-examen-uc3m-0a50595f8036.pdf,datos/pdfs/0a50595f8036.pdf,c6289b7e149fc47bf1c2a378e7eaf462dcb8a9169d021c3f9ec2a5757c8d5e28,c6289b7e149fc47bf1c2a378e7eaf462dcb8a9169d021c3f9ec2a5757c8d5e28,True,3,2,criterios,,True,6,2,2,2,2,[],[],0,,['es'],0,0,0,[],[],[],sin_alerta_en_cotejo_sistematico
gpt-6-luna__r2,0bed555f767c,Italiano,Madrid,2018,extraordinaria,data/pdfs/madrid/italiano/2018-extraordinaria-examen-uc3m-0bed555f767c.pdf,datos/pdfs/0bed555f767c.pdf,6b478c04dca19d55ef9b08a26b4af41cc045297df3775abab9f50a156a59f323,6b478c04dca19d55ef9b08a26b4af41cc045297df3775abab9f50a156a59f323,True,3,3,criterios,,True,52,12,12,12,12,[],[],0,,['es'],0,0,0,[],[],[],sin_alerta_en_cotejo_sistematico
gpt-6-luna__r2,16eb4becf2b2,Historia de España,Comunidad Valenciana,2014,extraordinaria,data/pdfs/comunidad-valenciana/historia-de-espana/2014-extraordinaria-criterios-llibreta-56d8eca4f480.pdf,datos/pdfs/56d8eca4f480.pdf,5e8305ea90bf039ceeab5a3a66f2f0c5c6769dcb099884c7b829e564833c3abb,5e8305ea90bf039ceeab5a3a66f2f0c5c6769dcb099884c7b829e564833c3abb,True,4,1,criterios,56d8eca4f480,True,14,10,10,11,11,[],[],2,0.987,"['va', 'es']",10,0,0,[],[],[],sin_alerta_en_cotejo_sistematico
gpt-6-luna__r2,172579fa76d4,Historia de la Filosofía,País Vasco,2021,extraordinaria,data/pdfs/pais-vasco/historia-de-la-filosofia/2021-extraordinaria-examen-ehu-172579fa76d4.pdf,datos/pdfs/172579fa76d4.pdf,d6a4b890e9b20dd2fa5e170c65ba6ee268667cc64b6c546f80ec8b7052d40e97,d6a4b890e9b20dd2fa5e170c65ba6ee268667cc64b6c546f80ec8b7052d40e97,True,7,6,criterios,,True,44,23,23,28,28,[],[],0,,['es'],0,0,0,[],[],[],sin_alerta_en_cotejo_sistematico
gpt-6-luna__r2,17445f0ab770,Química,Comunidad Valenciana,2023,ordinaria,data/pdfs/comunidad-valenciana/quimica/2023-ordinaria-criterios-llibreta-93c019930f9d.pdf,datos/pdfs/93c019930f9d.pdf,74aa29bc323de96ff26b9e8c49e9a1042ce07cf8ba92cf7dfc78e5415ac34d75,74aa29bc323de96ff26b9e8c49e9a1042ce07cf8ba92cf7dfc78e5415ac34d75,True,1,1,criterios,93c019930f9d,True,48,43,0,0,0,[],[],12,1.0,"['es', 'va']",0,0,0,[],[],"[{'regla': 'nodos-sin-rubrica', 'grave': False, 'detalle': 'n10, n11, n12, n13, n15, n16, n17, n18, n19, n2, n20, n21, n22, n23, n24, n25, n26, n27, n28, n29, n3, n30, n31, n32, n33, n34, n35, n36, n37, n38, n39, n4, n40, n41, n45, n46, n47, n48, n5, n6, n7, n8, n9'}]",solo_criterios_generales
gpt-6-luna__r2,1f06fc98f001,Física,Madrid,2018,ordinaria,data/pdfs/madrid/fisica/2018-ordinaria-examen-uc3m-1f06fc98f001.pdf,datos/pdfs/1f06fc98f001.pdf,5a9c281b1524ef5802824b1141eb30ee13b2b391a09376f49300ec1caea1fa45,5a9c281b1524ef5802824b1141eb30ee13b2b391a09376f49300ec1caea1fa45,True,3,3,criterios,,True,32,30,0,0,0,[],[],6,0.0,['es'],0,0,0,[],[],"[{'regla': 'nodos-sin-rubrica', 'grave': False, 'detalle': 'n10, n11, n12, n13, n14, n15, n16, n18, n19, n2, n20, n21, n22, n23, n24, n25, n26, n27, n28, n29, n3, n30, n31, n32, n4, n5, n6, n7, n8, n9'}]",solo_criterios_generales
gpt-6-luna__r2,2787fc4d640f,Química,Madrid,2019,modelo,data/pdfs/madrid/quimica/2019-modelo-modelo-uc3m-2787fc4d640f.pdf,datos/pdfs/2787fc4d640f.pdf,147e45949a69e8d460452e2c64130ba640d922cccb00f32ff11694e1cba9f351,147e45949a69e8d460452e2c64130ba640d922cccb00f32ff11694e1cba9f351,True,11,3,criterios,,True,46,44,44,44,44,[],[],3,1.0,['es'],34,0,0,[],"['El nodo n31 aparece etiquetado con la ecuación del apartado, no con «b)». Se asocia al apartado b) de B2 por el orden y el contenido.']",[],sin_alerta_en_cotejo_sistematico
gpt-6-luna__r2,2e1486f4d824,Inglés,Comunidad Valenciana,2022,ordinaria,data/pdfs/comunidad-valenciana/ingles/2022-ordinaria-criterios-llibreta-02a263ae6aa6.pdf,datos/pdfs/02a263ae6aa6.pdf,2fb3d5b4a4ae9b77b752436b3de0113926b291f874c7c39cfa5c62113ce79fb8,2fb3d5b4a4ae9b77b752436b3de0113926b291f874c7c39cfa5c62113ce79fb8,True,7,1,criterios,02a263ae6aa6,True,41,36,36,28,28,[],[],2,0.883,"['va', 'es', 'en']",18,0,0,[],"['En A1, la versión en castellano repite «comprensión» («la comprensión comprensión»). Se conserva la errata literal.', 'Las condiciones generales aparecen de nuevo en la página 4 numeradas como 4, 5 y 6, aunque repiten las condiciones 1, 2 y 3 de la página 1.', 'En B4, el último ítem aparece precedido por «6. 3.» en el documento.']",[],sin_alerta_en_cotejo_sistematico
gpt-6-luna__r2,3068d1110070,Análisis Musical II,País Vasco,2011,extraordinaria,data/pdfs/pais-vasco/analisis-musical-ii/2011-extraordinaria-examen-ehu-3068d1110070.pdf,datos/pdfs/3068d1110070.pdf,4e285a8887b0f0c96c138c1cbb43996f8e8a255c600baccb744d0fb6b7541a87,4e285a8887b0f0c96c138c1cbb43996f8e8a255c600baccb744d0fb6b7541a87,True,10,3,criterios,,False,18,16,0,0,0,[],[],0,,[],0,0,0,[],[],"[{'regla': 'sin-criterios', 'grave': False, 'detalle': 'el documento no trae criterios de este examen'}]",sin_criterios_en_fuente
gpt-6-luna__r2,32e15229d4e3,Historia de España,Comunidad Valenciana,2015,ordinaria,data/pdfs/comunidad-valenciana/historia-de-espana/2015-ordinaria-criterios-llibreta-cbf2b68f28e4.pdf,datos/pdfs/cbf2b68f28e4.pdf,a6704815ab36eae9e68f4761b4c982e6d416422f38cb6dc7189268e57dcafc54,a6704815ab36eae9e68f4761b4c982e6d416422f38cb6dc7189268e57dcafc54,True,4,1,criterios,cbf2b68f28e4,True,14,10,10,12,12,[],[],2,0.987,"['va', 'es']",8,0,0,[],[],[],sin_alerta_en_cotejo_sistematico
gpt-6-luna__r2,3469f9a1dc3e,Historia de España,Comunidad Valenciana,2016,extraordinaria,data/pdfs/comunidad-valenciana/historia-de-espana/2016-extraordinaria-criterios-llibreta-4988a8bfdafc.pdf,datos/pdfs/4988a8bfdafc.pdf,15f77bcf1de6227aa75eee7843d3c58fcdc47bf40d7436ac7583a58be925aea8,15f77bcf1de6227aa75eee7843d3c58fcdc47bf40d7436ac7583a58be925aea8,True,4,1,criterios,4988a8bfdafc,True,14,0,0,12,12,[],[],4,0.966,"['va', 'es']",9,0,0,[],['Los criterios de «Cuarto» no identifican por letra sus dos partes; se han asociado a n6/n7 y n13/n14 según el contenido y la correspondencia con los apartados del árbol.'],[],sin_alerta_en_cotejo_sistematico
gpt-6-luna__r2,3c134e1125e6,Historia de España,Comunidad Valenciana,2026,ordinaria,data/pdfs/comunidad-valenciana/historia-de-espana/2026-ordinaria-criterios-llibreta-7c5377981b00.pdf,datos/pdfs/7c5377981b00.pdf,4e28772083044b4ceca6e414923c72abfae6b35b504e82ca123e15a3a78ff703,4e28772083044b4ceca6e414923c72abfae6b35b504e82ca123e15a3a78ff703,True,6,1,criterios,7c5377981b00,True,14,5,5,11,11,[],[],4,0.941,"['va', 'es']",9,0,0,[],"['En el apartado de la Década moderada de la respuesta a la pregunta 4, el documento escribe «legalització de les venda i ocupacions» en valenciano y «legalización de las venta y ocupaciones» en castellano.']",[],pagina_criterio_incorrecta
gpt-6-luna__r2,41fdc1fe038d,Historia de España,Comunidad Valenciana,2013,extraordinaria,data/pdfs/comunidad-valenciana/historia-de-espana/2013-extraordinaria-criterios-llibreta-fa8d9f01f2bb.pdf,datos/pdfs/fa8d9f01f2bb.pdf,9d61202ec2bbcf332c83077e731a0a43d918f47ed0ae9a369962582d6fb69cf4,9d61202ec2bbcf332c83077e731a0a43d918f47ed0ae9a369962582d6fb69cf4,True,4,1,criterios,fa8d9f01f2bb,True,14,10,10,10,10,[],[],2,0.987,"['va', 'es']",8,0,0,[],[],[],sin_alerta_en_cotejo_sistematico
gpt-6-luna__r2,42576f6f84fc,Lengua Castellana y Literatura II,Comunidad Valenciana,2020,extraordinaria,data/pdfs/comunidad-valenciana/lengua-castellana-y-literatura-ii/2020-extraordinaria-criterios-llibreta-3be7c4d2789f.pdf,datos/pdfs/3be7c4d2789f.pdf,8cc612ae2f58d66c0a27310ce05655eb736e01382f0b90ff5896fa8d1b92c250,8cc612ae2f58d66c0a27310ce05655eb736e01382f0b90ff5896fa8d1b92c250,True,2,1,criterios,3be7c4d2789f,True,32,31,31,15,15,[],[],2,0.922,['es'],0,0,0,[],"['El árbol asigna $1{,}2$ puntos a cada uno de los apartados n25, n26 y n27. El documento establece un máximo de $1{,}2$ puntos por pregunta elegida, pero no especifica una puntuación para cada uno de esos tres apartados.']",[],sin_alerta_en_cotejo_sistematico
gpt-6-luna__r2,488817140d92,Historia de España,Comunidad Valenciana,2012,ordinaria,data/pdfs/comunidad-valenciana/historia-de-espana/2012-ordinaria-criterios-llibreta-bfb9aecda4b2.pdf,datos/pdfs/bfb9aecda4b2.pdf,1b5d7b022fe2261ca3ff4b56e027460d3dbdce2940da16afa4673acd938f530f,1b5d7b022fe2261ca3ff4b56e027460d3dbdce2940da16afa4673acd938f530f,True,4,1,criterios,bfb9aecda4b2,True,18,10,10,16,16,[],[],6,0.941,"['va', 'es']",11,0,0,[],[],[],sin_alerta_en_cotejo_sistematico
gpt-6-luna__r2,49e9ef3c3296,Matemáticas II,País Vasco,2026,extraordinaria,data/pdfs/pais-vasco/matematicas-ii/2026-extraordinaria-solucion-ehu-a77749e62a45.pdf,datos/pdfs/a77749e62a45.pdf,7ef7d7eb6b34f25b6a1174a89c5b35dfbebc7db52d19080b08139aefd33937ab,7ef7d7eb6b34f25b6a1174a89c5b35dfbebc7db52d19080b08139aefd33937ab,True,6,1,solucion,a77749e62a45,True,19,15,15,13,13,[],[],15,0.854,['es'],13,0,0,[],"['En el tercer ejercicio, los criterios asignan $0{,}75$ puntos a cada apartado (a) y (b), mientras que el árbol del enunciado asigna $1$ punto a cada uno; además, los criterios asignan $0{,}5$ puntos al árbol o tabla que resume los datos del problema.']","[{'regla': 'puntos-distintos', 'grave': False, 'detalle': 'n8: enunciado 1.0, criterios 0.75'}, {'regla': 'puntos-distintos', 'grave': False, 'detalle': 'n9: enunciado 1.0, criterios 0.75'}]",sin_alerta_en_cotejo_sistematico
gpt-6-luna__r2,4a7c96ae2912,Historia de la Música y de la Danza,País Vasco,2012,extraordinaria,data/pdfs/pais-vasco/historia-de-la-musica-y-de-la-danza/2012-extraordinaria-examen-ehu-4a7c96ae2912.pdf,datos/pdfs/4a7c96ae2912.pdf,e9350f984bc288719142e710554870111d3781f7b51bde979033761754e65582,e9350f984bc288719142e710554870111d3781f7b51bde979033761754e65582,True,15,13,criterios,,True,16,6,6,14,14,[],[],6,0.993,['es'],0,0,2,[],"['El Apartado 2 indica ($2{,}5$ puntos), mientras que el árbol del examen indica $3{,}0$ puntos. Además, sus tres subcriterios aparecen valorados con $1$ punto cada uno, lo que suma $3$ puntos.', 'En el Apartado 1, la enumeración pasa de c) a d); el documento no incluye los apartados a) ni b).', 'En el criterio del Apartado 2 aparece literalmente «$1$ unto»; se ha transcrito tal como figura en el documento.', 'En el criterio general $5$ aparece literalmente «cocimientos históricos»; se ha transcrito tal como figura en el documento.']","[{'regla': 'puntos-distintos', 'grave': False, 'detalle': 'n3: enunciado 3.0, criterios 2.5'}, {'regla': 'desglose-no-suma', 'grave': False, 'detalle': 'n3: 3.0 de 2.5'}, {'regla': 'puntos-distintos', 'grave': False, 'detalle': 'n11: enunciado 3.0, criterios 2.5'}, {'regla': 'desglose-no-suma', 'grave': False, 'detalle': 'n11: 3.0 de 2.5'}]",contradiccion_en_pdf
gpt-6-luna__r2,4afa0f0f8a54,Coro y Técnica Vocal II,Madrid,2025,ordinaria,data/pdfs/madrid/coro-y-tecnica-vocal-ii/2025-ordinaria-examen-uc3m-4afa0f0f8a54.pdf,datos/pdfs/4afa0f0f8a54.pdf,bacbcac87cb726243944747f0a9eda6c85f3d1fa0eab0fc221b7118b9482aadf,bacbcac87cb726243944747f0a9eda6c85f3d1fa0eab0fc221b7118b9482aadf,True,6,4,criterios,,True,29,28,28,28,28,[],[],3,0.919,['es'],24,0,0,[],"['El criterio general indica que se evalúan «tres partes», aunque a continuación enumera y asigna puntuación a cuatro partes.', 'La primera parte tiene un máximo de $3$ puntos según los criterios generales, pero el criterio de esa parte asigna $0{,}5$ puntos por pregunta y el árbol contiene ocho apartados de $0{,}5$ puntos cada uno. Los criterios no especifican cuántas preguntas o apartados se deben responder.', 'La segunda parte tiene un máximo de $3$ puntos según los criterios generales, pero contiene cuatro preguntas a las que el criterio asigna hasta $1$ punto a cada una. Los criterios no especifican cuántas preguntas se deben responder.', 'La cuarta parte tiene un máximo de $1$ punto según los criterios generales, pero contiene seis preguntas a las que el criterio asigna $0{,}25$ puntos a cada una. Los criterios no especifican cuántas preguntas se deben responder.']",[],sin_alerta_en_cotejo_sistematico
gpt-6-luna__r2,4e4bbca013d1,Lengua Castellana y Literatura II,Comunidad Valenciana,2024,ordinaria,data/pdfs/comunidad-valenciana/lengua-castellana-y-literatura-ii/2024-ordinaria-criterios-llibreta-1c8617a16bb4.pdf,datos/pdfs/1c8617a16bb4.pdf,8014e30f00df8667b74e8659ff295b632699fe802267f94bb84ae60a10647e05,8014e30f00df8667b74e8659ff295b632699fe802267f94bb84ae60a10647e05,True,9,1,criterios,1c8617a16bb4,True,34,32,32,24,24,[],[],0,,['es'],24,0,0,[],"['En la respuesta de la pregunta 5 del documento aparece además la definición de «metaverso», aunque el texto de esa pregunta solo menciona «disruptivo» y «algoritmo». Se ha asociado esa definición a n23 por corresponder al término y a la referencia a la línea 12.', 'La redacción de la pregunta 6a en el documento presenta una frase confusa alrededor de «oasis», «luminosos» y «desierto»; la respuesta da una sustitución para cada una de las tres palabras.']",[],sin_alerta_en_cotejo_sistematico
gpt-6-luna__r2,4e703d87e493,Historia de España,Comunidad Valenciana,2017,extraordinaria,data/pdfs/comunidad-valenciana/historia-de-espana/2017-extraordinaria-criterios-llibreta-897d080bd341.pdf,datos/pdfs/897d080bd341.pdf,5cdfc5287ea25931078a623f6579916103a9d84b58990db71bc8092619b54ff8,5cdfc5287ea25931078a623f6579916103a9d84b58990db71bc8092619b54ff8,True,4,1,criterios,897d080bd341,True,14,10,10,12,12,[],[],2,0.986,"['va', 'es']",9,0,0,[],[],[],sin_alerta_en_cotejo_sistematico
gpt-6-luna__r2,5091bd5d23ad,Lengua Castellana y Literatura II,Comunidad Valenciana,2022,extraordinaria,data/pdfs/comunidad-valenciana/lengua-castellana-y-literatura-ii/2022-extraordinaria-criterios-llibreta-8399809a0379.pdf,datos/pdfs/8399809a0379.pdf,d26c5688dd432a8abf59a70bfb28122b0dbb8f9aee11e9618bdec183d55e80b8,d26c5688dd432a8abf59a70bfb28122b0dbb8f9aee11e9618bdec183d55e80b8,True,9,1,criterios,8399809a0379,True,26,26,25,21,21,[],[],0,,['es'],18,0,0,"['Pregunta 10 del PDF (página 9): incluye una respuesta sobre un diálogo del primer acto de Historia de una escalera, el noviazgo de Carmina y Fernando y la oposición de los padres. No se corresponde con el nodo n26 del árbol, cuyo enunciado trata de identificar la forma del poema y localizar dos diminutivos. No se ha asociado esa respuesta a ningún nodo.']","['En la respuesta de la pregunta 4 del PDF aparece «Revolucionarios», aunque la pregunta pide analizar «revolucionario».', 'La pregunta 10 del PDF y el nodo n26 del árbol tienen enunciados diferentes; por ello, no se ha asociado la respuesta de la pregunta 10 a n26.']","[{'regla': 'nodos-sin-rubrica', 'grave': False, 'detalle': 'n26'}]",fuente_con_pregunta_distinta
gpt-6-luna__r2,53bf68f29024,Lengua Castellana y Literatura II,Comunidad Valenciana,2021,extraordinaria,data/pdfs/comunidad-valenciana/lengua-castellana-y-literatura-ii/2021-extraordinaria-criterios-llibreta-aabb95c9b4c7.pdf,datos/pdfs/aabb95c9b4c7.pdf,515e62f3cd72d5428d92e8d42cc107009e84401730bb236ffeb9f2c421f3e20d,515e62f3cd72d5428d92e8d42cc107009e84401730bb236ffeb9f2c421f3e20d,True,2,1,criterios,aabb95c9b4c7,True,31,31,31,14,14,[],[],5,0.956,['es'],0,0,0,[],[],[],sin_alerta_en_cotejo_sistematico
gpt-6-luna__r2,5bf79e24ec75,Lengua Castellana y Literatura II,Madrid,2018,ordinaria,data/pdfs/madrid/lengua-castellana-y-literatura-ii/2018-ordinaria-examen-uc3m-5bf79e24ec75.pdf,datos/pdfs/5bf79e24ec75.pdf,92b17031bb1761ba06c33b893b83b5c2494ee04ecf79324f32883ccb8233e9b3,92b17031bb1761ba06c33b893b83b5c2494ee04ecf79324f32883ccb8233e9b3,True,4,3,criterios,,True,26,24,24,24,24,[],[],3,0.961,['es'],0,0,0,[],[],[],sin_alerta_en_cotejo_sistematico
gpt-6-luna__r2,6446ce8ed0cf,Lengua Castellana y Literatura II,Comunidad Valenciana,2019,ordinaria,data/pdfs/comunidad-valenciana/lengua-castellana-y-literatura-ii/2019-ordinaria-criterios-llibreta-1de3dcc88832.pdf,datos/pdfs/1de3dcc88832.pdf,3577762c3d87bcf64ba836e77c496f44ae6191458969639df7364727f886d626,3577762c3d87bcf64ba836e77c496f44ae6191458969639df7364727f886d626,True,2,1,criterios,1de3dcc88832,True,16,12,12,14,14,[],[],1,1.0,['es'],0,0,0,[],['Los criterios detallados del bloque II emplean una clasificación genérica por niveles que no coincide con la letra y el orden de las cuestiones de cada opción; se asociaron a los nodos por el contenido de las preguntas.'],[],sin_alerta_en_cotejo_sistematico
gpt-6-luna__r2,6649ce9eecb2,Lengua Castellana y Literatura II,Comunidad Valenciana,2023,ordinaria,data/pdfs/comunidad-valenciana/lengua-castellana-y-literatura-ii/2023-ordinaria-criterios-llibreta-c4afc8d9c75a.pdf,datos/pdfs/c4afc8d9c75a.pdf,44877b248acde16fdccf2767ea7a13507362f8a9482f0908e4a553534385d5c9,44877b248acde16fdccf2767ea7a13507362f8a9482f0908e4a553534385d5c9,True,11,1,criterios,c4afc8d9c75a,True,25,25,25,22,22,[],[],0,,['es'],19,0,0,[],"['En la pregunta 1, el fragmento citado habla de «una mercantilización del proceso productivo», mientras que el apartado b) y el análisis sintáctico de la página 3 presentan «una mercantilización del proceso reproductivo».', 'En el fragmento citado de la pregunta 1 aparece «los problemas éticos que plantea no se resuelven», pero en el texto del apartado a) aparece «no se resuelve».', 'En la respuesta de la pregunta 4 se califica la modalidad como «dubitativa», pero los ejemplos aportados («es prácticamente inevitable» e «indica claramente») se describen en la propia respuesta como expresiones de un grado de certeza elevado.', 'La respuesta de la pregunta 8 no incluye el resumen del contenido del poema que se solicita.']",[],procedencia_oficial_no_acreditada
gpt-6-luna__r2,67eea232db63,Dibujo Técnico II,País Vasco,2024,extraordinaria,data/pdfs/pais-vasco/dibujo-tecnico-ii/2024-extraordinaria-examen-ehu-67eea232db63.pdf,datos/pdfs/67eea232db63.pdf,daa271f471687999cdaf7978767b4771907fed1ea84a2efdfcb84a66d7fd0fda,daa271f471687999cdaf7978767b4771907fed1ea84a2efdfcb84a66d7fd0fda,True,22,14,solucion,,True,13,6,6,9,9,[],[],0,,"['eu', 'es']",7,0,0,[],"['En la página 4, el encabezamiento euskérico de la ecuación dice literalmente «Elipsearen ekuazioa murriztua», mientras que la fórmula y el desarrollo, así como la versión castellana de la página 5, se refieren a una hipérbola.', 'La página 8 está titulada «2-C ariketa / ejercicio 2-C», pero su contenido gráfico corresponde al edificio religioso del nodo n12 (Ejercicio 1-C). Se ha asociado al nodo por el contenido.']",[],sin_alerta_en_cotejo_sistematico
gpt-6-luna__r2,68febd0b4352,Latín II,País Vasco,2022,extraordinaria,data/pdfs/pais-vasco/latin-ii/2022-extraordinaria-examen-ehu-68febd0b4352.pdf,datos/pdfs/68febd0b4352.pdf,6dcc176313433b62ff635af4a769ccd748a2ee9699fc5af415d97f318ef9ac55,6dcc176313433b62ff635af4a769ccd748a2ee9699fc5af415d97f318ef9ac55,True,8,7,criterios,,True,22,11,11,11,11,[],[],2,0.977,"['eu', 'es']",0,0,0,[],"['La página 2 del PDF está encabezada como «LATÍN I», aunque el documento reproduce los criterios del examen de Latín II y su contenido coincide con los de la página 1.']",[],sin_alerta_en_cotejo_sistematico
gpt-6-luna__r2,6a2a804ce68f,Química,Comunidad Valenciana,2016,ordinaria,data/pdfs/comunidad-valenciana/quimica/2016-ordinaria-criterios-llibreta-eec87a4e121c.pdf,datos/pdfs/eec87a4e121c.pdf,523b0375f05ebbe759b92d101189ff0f79c5f733d8b7e9ba3546fdd9f0809ae6,523b0375f05ebbe759b92d101189ff0f79c5f733d8b7e9ba3546fdd9f0809ae6,True,1,1,criterios,eec87a4e121c,True,45,42,0,0,0,[],[],12,0.953,"['es', 'va']",0,0,0,[],[],"[{'regla': 'nodos-sin-rubrica', 'grave': False, 'detalle': 'n10, n12, n13, n14, n15, n16, n17, n18, n19, n2, n20, n21, n23, n24, n25, n26, n27, n28, n29, n3, n30, n31, n32, n33, n34, n35, n36, n37, n38, n39, n4, n40, n41, n42, n43, n44, n45, n5, n6, n7, n8, n9'}]",solo_criterios_generales
gpt-6-luna__r2,7336bed75af4,Historia de España,Comunidad Valenciana,2018,extraordinaria,data/pdfs/comunidad-valenciana/historia-de-espana/2018-extraordinaria-criterios-llibreta-626c9a4b4e3c.pdf,datos/pdfs/626c9a4b4e3c.pdf,55a3157075e3398e2a5b66b518f39a3f1c999b1005e1ec7c778292f536362cb3,55a3157075e3398e2a5b66b518f39a3f1c999b1005e1ec7c778292f536362cb3,True,4,1,criterios,626c9a4b4e3c,True,14,10,10,10,10,[],[],2,0.986,"['va', 'es']",10,0,0,[],"['En la primera opción, el nombre del lugar aparece como «Vicálvaro» en valenciano (página 1) y «Vicalváro» en castellano (página 3).', 'En la segunda opción, el texto valenciano de la página 2 contiene «l’aumnat», aparentemente una errata por «l’alumnat».']",[],sin_alerta_en_cotejo_sistematico
gpt-6-luna__r2,73d799a38839,Lengua Vasca y Literatura II,País Vasco,2025,ordinaria,data/pdfs/pais-vasco/lengua-vasca-y-literatura-ii/2025-ordinaria-solucion-ehu-3f8e49538d86.pdf,datos/pdfs/3f8e49538d86.pdf,5bdc806700678fbe4f802ac489c71919d1fc9075db2b41b85d66590ba7ed4d38,5bdc806700678fbe4f802ac489c71919d1fc9075db2b41b85d66590ba7ed4d38,True,5,1,solucion,3f8e49538d86,True,54,12,12,32,32,[],[],0,,['eu'],21,0,0,[],[],[],sin_alerta_en_cotejo_sistematico
gpt-6-luna__r2,785105ac7ec2,Alemán,Madrid,2018,ordinaria,data/pdfs/madrid/aleman/2018-ordinaria-examen-uc3m-785105ac7ec2.pdf,datos/pdfs/785105ac7ec2.pdf,85bef125dcddea8aa1ad1481e5d952a0b7602981143c083bc748058a54d41ecf,85bef125dcddea8aa1ad1481e5d952a0b7602981143c083bc748058a54d41ecf,True,5,5,criterios,,True,35,10,10,10,10,[],[],3,0.94,['es'],0,0,2,[],"['En el criterio de la pregunta 4, el documento indica literalmente «025 puntos» para la puntuación parcial de cada opción correcta. El desglose lo expresa como $0{,}25$ puntos, interpretando que falta la coma decimal.']","[{'regla': 'desglose-no-suma', 'grave': False, 'detalle': 'n12: 0.25 de 2.0'}, {'regla': 'desglose-no-suma', 'grave': False, 'detalle': 'n29: 0.25 de 2.0'}]",sin_alerta_en_cotejo_sistematico
gpt-6-luna__r2,7a8748608425,Historia de España,Comunidad Valenciana,2019,ordinaria,data/pdfs/comunidad-valenciana/historia-de-espana/2019-ordinaria-criterios-llibreta-db1138ec6522.pdf,datos/pdfs/db1138ec6522.pdf,c2734d4383a8d60ad43d1329170f13fd6593a206f761e638d115965107b33757,c2734d4383a8d60ad43d1329170f13fd6593a206f761e638d115965107b33757,True,4,1,criterios,db1138ec6522,True,14,10,10,12,12,[],[],0,,"['va', 'es']",7,0,0,[],[],[],sin_alerta_en_cotejo_sistematico
gpt-6-luna__r2,7e1bad7a80fd,Ciencias Generales,País Vasco,2025,ordinaria,data/pdfs/pais-vasco/ciencias-generales/2025-ordinaria-solucion-ehu-87ed6f23bee3.pdf,datos/pdfs/87ed6f23bee3.pdf,506f43e4e582d40c4c16fd498000db48768675df499414516975759250c1f1cd,506f43e4e582d40c4c16fd498000db48768675df499414516975759250c1f1cd,True,7,1,solucion,87ed6f23bee3,True,37,31,31,27,27,[],[],0,,['es'],27,0,7,[],"['En la opción 2A, el solucionario identifica como d) el cálculo del instante en que C llega a x=0 y como e) el instante en que C y E se cruzan. Se asociaron por el contenido al nodo n11 (etiquetado c) y al nodo n12 (etiquetado d), respectivamente.', 'En la opción 4A a), el solucionario asigna $0{,}1$ puntos a cada punto negro de la tabla y señala que todos bien suman $1{,}5$ puntos. La tabla contiene $14$ puntos negros, lo que con ese reparto suma $1{,}4$ puntos.']","[{'regla': 'desglose-no-suma', 'grave': False, 'detalle': 'n3: 0.25 de 0.5'}, {'regla': 'desglose-no-suma', 'grave': False, 'detalle': 'n8: 0.05 de 0.5'}, {'regla': 'desglose-no-suma', 'grave': False, 'detalle': 'n20: 0.1 de 1.0'}, {'regla': 'desglose-no-suma', 'grave': False, 'detalle': 'n22: 0.1 de 0.5'}, {'regla': 'desglose-no-suma', 'grave': False, 'detalle': 'n25: 0.30000000000000004 de 0.5'}, {'regla': 'desglose-no-suma', 'grave': False, 'detalle': 'n28: 0.25 de 0.5'}, {'regla': 'desglose-no-suma', 'grave': False, 'detalle': 'n31: 1.4000000000000001 de 1.5'}]",sin_alerta_en_cotejo_sistematico
gpt-6-luna__r2,8298a6121d59,Física,Comunidad Valenciana,2019,extraordinaria,data/pdfs/comunidad-valenciana/fisica/2019-extraordinaria-criterios-llibreta-c27668c730a9.pdf,datos/pdfs/c27668c730a9.pdf,aebd74677f1193a55a2555c0b28997ebf568e8aa62d2977028792cb7a225e093,aebd74677f1193a55a2555c0b28997ebf568e8aa62d2977028792cb7a225e093,True,2,1,criterios,c27668c730a9,True,11,10,10,10,10,[],[],6,0.886,"['es', 'va']",0,0,2,[],[],"[{'regla': 'desglose-no-suma', 'grave': False, 'detalle': 'n6: 0.5 de 1.0'}, {'regla': 'desglose-no-suma', 'grave': False, 'detalle': 'n7: 0.5 de 1.5'}]",sin_alerta_en_cotejo_sistematico
gpt-6-luna__r2,85dac4a830fa,Historia de la Filosofía,Madrid,2019,extraordinaria,data/pdfs/madrid/historia-de-la-filosofia/2019-extraordinaria-examen-uc3m-85dac4a830fa.pdf,datos/pdfs/85dac4a830fa.pdf,0caa7b0c12f9ba9318fd1fec176aa24896114be2cc7a06971039e66502f20e00,0caa7b0c12f9ba9318fd1fec176aa24896114be2cc7a06971039e66502f20e00,True,3,3,criterios,,True,10,8,8,8,8,[],[],0,,['es'],0,0,0,[],[],[],sin_alerta_en_cotejo_sistematico
gpt-6-luna__r2,873535963f9d,Historia de España,Comunidad Valenciana,2017,ordinaria,data/pdfs/comunidad-valenciana/historia-de-espana/2017-ordinaria-criterios-llibreta-4d17545945cd.pdf,datos/pdfs/4d17545945cd.pdf,a4fc37223809f8008fc447983076a3a56f412f3b1a792cc70b7ed21f0841146b,a4fc37223809f8008fc447983076a3a56f412f3b1a792cc70b7ed21f0841146b,True,4,1,criterios,4d17545945cd,True,18,10,10,16,16,[],[],0,,"['va', 'es']",10,0,0,[],"['En la primera opción, el criterio para comparar las constituciones de 1812, 1837, 1845 y 1869 no indica explícitamente la puntuación de ese apartado; por ello, no se asigna puntuación a n9 aunque el árbol indique 2,0 puntos.', 'Se conservan erratas del documento: en la página 1, «les Constitució» y «dret civils»; en la página 3, «derecho civiles».', 'Se conservan erratas del documento: en la página 2, «per part der»; en la página 4, «se se», «elaectoral», «der» y «derchistas».']",[],sin_alerta_en_cotejo_sistematico
gpt-6-luna__r2,8daec23be074,Cultura Audiovisual,Madrid,2023,ordinaria,data/pdfs/madrid/cultura-audiovisual/2023-ordinaria-examen-uc3m-8daec23be074.pdf,datos/pdfs/8daec23be074.pdf,fda533e1c9a0fbb2faeeecf397d27bd975ca23344c4359be544ed1c6e45b804d,fda533e1c9a0fbb2faeeecf397d27bd975ca23344c4359be544ed1c6e45b804d,True,9,7,criterios,,True,32,20,20,8,8,[],[],3,1.0,['es'],0,0,0,[],"['En B.3, la solución menciona «programas deportivos en radio», mientras que el árbol del examen describe «programas de entretenimiento radiofónicos».', 'En B.2, la solución indica «1,0 puntos cada función», mientras que el árbol distribuye 1,0 punto por figura y pide dos funciones de cada una; la redacción no aclara esta diferencia.']",[],sin_alerta_en_cotejo_sistematico
gpt-6-luna__r2,8f1700eef6e5,Historia de España,Comunidad Valenciana,2016,ordinaria,data/pdfs/comunidad-valenciana/historia-de-espana/2016-ordinaria-criterios-llibreta-4937469543e4.pdf,datos/pdfs/4937469543e4.pdf,cf975df05bf5cceba6e1ace447829428f6f895d916d64c8fe4a2cc21474578c9,cf975df05bf5cceba6e1ace447829428f6f895d916d64c8fe4a2cc21474578c9,True,4,1,criterios,4937469543e4,True,14,10,10,12,12,[],[],2,0.986,"['es', 'va']",8,0,0,[],"['En la página 3, el criterio de la primera opción contiene la errata literal «en el panorama las socioeconómicas del país»; se ha transcrito tal como aparece.', 'En la página 4, el criterio de la segunda opción contiene la errata literal «en la Crisis de de 1917»; se ha transcrito tal como aparece.']",[],sin_alerta_en_cotejo_sistematico
gpt-6-luna__r2,907fb92539f2,Lengua Castellana y Literatura II,Comunidad Valenciana,2017,extraordinaria,data/pdfs/comunidad-valenciana/lengua-castellana-y-literatura-ii/2017-extraordinaria-criterios-llibreta-db0e3f40ff5a.pdf,datos/pdfs/db0e3f40ff5a.pdf,d739240b782eeaffe8279bb77f7abfd2dd74b68c6002f583d8b5b749921c0988,d739240b782eeaffe8279bb77f7abfd2dd74b68c6002f583d8b5b749921c0988,True,2,1,criterios,db0e3f40ff5a,True,20,12,12,12,12,[],[],1,1.0,['es'],0,0,0,[],[],[],sin_alerta_en_cotejo_sistematico
gpt-6-luna__r2,929807ad22eb,Lengua Castellana y Literatura II,Comunidad Valenciana,2022,ordinaria,data/pdfs/comunidad-valenciana/lengua-castellana-y-literatura-ii/2022-ordinaria-criterios-llibreta-b073b8e5856e.pdf,datos/pdfs/b073b8e5856e.pdf,129c23a81b487c1ecace0d40a5d73ddeeafc096c7c3cec6e02f8d4adebb58be1,129c23a81b487c1ecace0d40a5d73ddeeafc096c7c3cec6e02f8d4adebb58be1,True,9,1,criterios,b073b8e5856e,True,31,29,29,23,23,[],[],0,,['es'],23,0,0,[],"['En la pregunta 4, el enunciado solicita analizar «nacieron» (nodo n22), pero la solución impresa analiza «Vendieron»; se transcribe esa solución en n22.']",[],sin_alerta_en_cotejo_sistematico
gpt-6-luna__r2,933b666312f9,Geografía,Madrid,2019,ordinaria,data/pdfs/madrid/geografia/2019-ordinaria-examen-uc3m-933b666312f9.pdf,datos/pdfs/933b666312f9.pdf,6ce5e238ce12650ca7924499ca679e28ed9b086c19fb2a2a945f83474f6c826c,6ce5e238ce12650ca7924499ca679e28ed9b086c19fb2a2a945f83474f6c826c,True,8,6,criterios,,True,50,10,10,10,10,[],[],2,0.974,['es'],0,0,2,[],[],"[{'regla': 'desglose-no-suma', 'grave': False, 'detalle': 'n24: 0.1 de 2.0'}, {'regla': 'desglose-no-suma', 'grave': False, 'detalle': 'n50: 0.1 de 2.0'}]",sin_alerta_en_cotejo_sistematico
gpt-6-luna__r2,942b1778f510,Lengua Castellana y Literatura II,Comunidad Valenciana,2018,extraordinaria,data/pdfs/comunidad-valenciana/lengua-castellana-y-literatura-ii/2018-extraordinaria-criterios-llibreta-308a96165b02.pdf,datos/pdfs/308a96165b02.pdf,962961ee1405073dd05f1a234e5bb155b10a38a1c139c8c58203c7c06cdfaf03,962961ee1405073dd05f1a234e5bb155b10a38a1c139c8c58203c7c06cdfaf03,True,2,1,criterios,308a96165b02,True,16,12,12,10,10,[],[],1,0.912,['es'],0,0,0,"['II.a, nivel léxico-semántico: «En lo que atañe al nivel léxico-semántico, la pregunta versará sobre el significado de palabras contextualizadas. El significado de las palabras se podrá delimitar mediante sinónimos o mediante paráfrasis». El árbol no incluye una pregunta sobre el significado de palabras.']",[],[],sin_alerta_en_cotejo_sistematico
gpt-6-luna__r2,98f921b58193,Historia de España,Comunidad Valenciana,2011,ordinaria,data/pdfs/comunidad-valenciana/historia-de-espana/2011-ordinaria-criterios-llibreta-03700fae00e8.pdf,datos/pdfs/03700fae00e8.pdf,e4fd29e1230fde4eb797ab75805bc800786e7aa0bbf861c9f13cfaaa61d1a599,e4fd29e1230fde4eb797ab75805bc800786e7aa0bbf861c9f13cfaaa61d1a599,True,4,1,criterios,03700fae00e8,True,14,10,10,10,10,[],[],4,0.759,"['va', 'es']",9,0,0,[],"['El criterio del primer apartado de la cuarta pregunta valora las medidas de reforma económica de los primeros gobiernos de Maura y Canalejas, mientras que el enunciado de n6 menciona medidas de reforma del sistema político.', 'En el criterio valenciano de n3 el texto recibido dice «tant a les econòmiques i canvis socials»; no aparece el término que corresponde a «Transformaciones» en la versión castellana.']",[],sin_alerta_en_cotejo_sistematico
gpt-6-luna__r2,9c4cbc92103b,Francés,Madrid,2025,extraordinaria,data/pdfs/madrid/frances/2025-extraordinaria-examen-coincidencias-uc3m-9c4cbc92103b.pdf,datos/pdfs/9c4cbc92103b.pdf,c14ac59c748bfc4610e29019a165413b1de8b8328c662f6c5d1d7328a3d74696,c14ac59c748bfc4610e29019a165413b1de8b8328c662f6c5d1d7328a3d74696,True,10,5,criterios,,True,33,21,21,29,29,[],[],4,0.979,"['es', 'fr']",17,0,0,[],"['La puntuación indicada para las preguntas del bloque 3 en la página 1 no coincide con la indicada en las soluciones de la página 5: se adjudica hasta $0{,}5$ puntos a la pregunta $3.1$ y hasta $0{,}25$ a la $3.2$, mientras que las soluciones asignan $1$ punto a la $3.1$ y $2$ puntos a la $3.2$.', 'La instrucción inicial permite copiar el texto para responder a las preguntas $1.2$ y $1.3$, pero la regla posterior de puntuación cero para fragmentos copiados menciona como excepción expresa únicamente la pregunta $1.2$.']",[],error_confirmado
gpt-6-luna__r2,9c694c304495,Lengua Castellana y Literatura II,Comunidad Valenciana,2026,extraordinaria,data/pdfs/comunidad-valenciana/lengua-castellana-y-literatura-ii/2026-extraordinaria-criterios-llibreta-7ce8d18d74a3.pdf,datos/pdfs/7ce8d18d74a3.pdf,5bf48ad61d7c7b69c34b5bdcf271b27fc23795cdca69fb8a1fa3f160bda8b131,5bf48ad61d7c7b69c34b5bdcf271b27fc23795cdca69fb8a1fa3f160bda8b131,True,3,1,criterios,7ce8d18d74a3,True,22,10,10,10,10,[],[],2,0.892,['es'],0,0,0,"['Morfología: «En el análisis morfológico de las palabras se incluirán los siguientes aspectos: a) identificación de la categoría léxica (sustantivo, adjetivo, etc.) a la que pertenecen; b) segmentación de las palabras en sus componentes (con indicación expresa de lexemas, prefijos, sufijos derivativos, sufijos flexivos, etc.) y c) identificación de la clase a la que pertenecen esas palabras, de acuerdo con el procedimiento de formación (simple, derivada, parasintética, etc.).» No hay un nodo de morfología en el árbol del examen al que asociar este criterio.']",['En la página 2 aparece «palabas aisladas»; se ha transcrito literalmente.'],[],sin_alerta_en_cotejo_sistematico
gpt-6-luna__r2,9e8570ee562e,Matemáticas II,País Vasco,2021,ordinaria,data/pdfs/pais-vasco/matematicas-ii/2021-ordinaria-examen-ehu-9e8570ee562e.pdf,datos/pdfs/9e8570ee562e.pdf,dc3ba3b84dffcc917d6407c9db7019a0d1f1c188ee824e7e56f4e338f8069b5d,dc3ba3b84dffcc917d6407c9db7019a0d1f1c188ee824e7e56f4e338f8069b5d,True,12,7,criterios,,True,27,5,5,18,18,[],[],7,0.78,['es'],18,0,0,[],[],[],sin_alerta_en_cotejo_sistematico
gpt-6-luna__r2,a05dd314b1f2,Literatura Dramática,Madrid,2026,extraordinaria,data/pdfs/madrid/literatura-dramatica/2026-extraordinaria-examen-uc3m-a05dd314b1f2.pdf,datos/pdfs/a05dd314b1f2.pdf,a894233aa8c4a7aafcf11e8f7c7945572837d6a4a589745266d5ef19385e3545,a894233aa8c4a7aafcf11e8f7c7945572837d6a4a589745266d5ef19385e3545,True,6,3,criterios,,True,24,22,22,22,22,[],[],3,1.0,['es'],17,0,0,[],"['En la página 1 aparece la errata «Ppuntuación máxima global» en el apartado 3.', 'En la respuesta del apartado f) del Texto 1 aparece «Tennesse Williams»; se transcribe tal como figura en el documento.']",[],sin_alerta_en_cotejo_sistematico
gpt-6-luna__r2,a0e4c2414f7c,Lengua Castellana y Literatura II,Comunidad Valenciana,2026,ordinaria,data/pdfs/comunidad-valenciana/lengua-castellana-y-literatura-ii/2026-ordinaria-criterios-llibreta-9c933ec786f1.pdf,datos/pdfs/9c933ec786f1.pdf,2b2ecb1d6a2d1bb71168bc6d3284cb88afaad4f0275ec2c88702fecce1f90a04,2b2ecb1d6a2d1bb71168bc6d3284cb88afaad4f0275ec2c88702fecce1f90a04,True,3,1,criterios,9c933ec786f1,True,23,10,10,8,8,[],[],2,0.943,['es'],0,0,0,"['Nivel léxico-semántico: el documento indica que en este apartado el alumnado demostrará su conocimiento del léxico y de las relaciones de significado (sinonimia, antonimia, hiperonimia, holonimia, meronimia, polisemia, etc.); las preguntas podrán formularse tanto en relación con palabras aisladas como sobre combinaciones de estas (colocaciones, locuciones, paremias…). El árbol no contiene un nodo para este nivel.']","['El criterio del Bloque II indica que se formularán preguntas únicamente sobre tres de cuatro niveles y que en cada nivel habrá tres opciones, de las que se contestarán dos. El árbol, en cambio, especifica que el alumnado deberá responder obligatoriamente a los tres niveles planteados.']",[],sin_alerta_en_cotejo_sistematico
gpt-6-luna__r2,a2af56a74785,Geología y Ciencias Ambientales,País Vasco,2026,extraordinaria,data/pdfs/pais-vasco/geologia-y-ciencias-ambientales/2026-extraordinaria-solucion-ehu-5efbf34ebedd.pdf,datos/pdfs/5efbf34ebedd.pdf,a186a2e32ffb18d93b5f68e5a335153d1fc0c0693a9eded603e9b77827849409,a186a2e32ffb18d93b5f68e5a335153d1fc0c0693a9eded603e9b77827849409,True,7,1,solucion,5efbf34ebedd,True,38,25,25,30,30,[],[],8,0.993,['es'],23,0,0,[],"['En la respuesta de la opción A del apartado 2 no se indica explícitamente si el volcanismo de la falla de San Andrés es intenso; el solucionario enumera los contextos en los que se da el vulcanismo, pero no formula una conclusión directa.']",[],sin_alerta_en_cotejo_sistematico
gpt-6-luna__r2,a48e0ad45b08,Lengua Castellana y Literatura II,Comunidad Valenciana,2020,ordinaria,data/pdfs/comunidad-valenciana/lengua-castellana-y-literatura-ii/2020-ordinaria-criterios-llibreta-ed0edcc753de.pdf,datos/pdfs/ed0edcc753de.pdf,524ac3a9580d01f612b3886f92caf28256f7d9087ce4bd1b890e67559c3eb902,524ac3a9580d01f612b3886f92caf28256f7d9087ce4bd1b890e67559c3eb902,True,2,1,criterios,ed0edcc753de,True,26,26,26,15,15,[],[],3,0.922,['es'],0,0,0,[],"['El PDF indica «JULIO 2020», mientras que la identificación del examen facilitada dice «convocatoria ordinaria».']",[],sin_alerta_en_cotejo_sistematico
gpt-6-luna__r2,a64fafe8c661,Historia de España,Comunidad Valenciana,2014,ordinaria,data/pdfs/comunidad-valenciana/historia-de-espana/2014-ordinaria-criterios-llibreta-5e0d20f9ae2d.pdf,datos/pdfs/5e0d20f9ae2d.pdf,3f2d0a580d22bbe861f16a8ea09dd40fb857c0f5428a126357a8cf9052a2e747,3f2d0a580d22bbe861f16a8ea09dd40fb857c0f5428a126357a8cf9052a2e747,True,4,1,criterios,5e0d20f9ae2d,True,16,9,9,14,14,[],[],5,0.966,"['va', 'es']",11,0,0,[],"['En la primera opción, el árbol indica $2{,}5$ puntos para n7, pero los criterios de corrección asignan $2{,}5$ puntos a la exposición sobre la Dècada Ominosa y $2$ puntos al análisis de los reinados y las regencias y de los textos constitucionales. Se conserva el desglose indicado por los criterios, sin calcular una puntuación máxima total para n7.', 'En la versión en castellano de la segunda opción, página 4, aparece la errata «cómo la se afronta cuestión».']",[],sin_alerta_en_cotejo_sistematico
gpt-6-luna__r2,a657e3b0b744,Lengua Castellana y Literatura II,Comunidad Valenciana,2025,extraordinaria,data/pdfs/comunidad-valenciana/lengua-castellana-y-literatura-ii/2025-extraordinaria-criterios-dana-llibreta-36eb613ac5e3.pdf,datos/pdfs/36eb613ac5e3.pdf,8e9d4b5b19e98d42a673cab589b0c6a3e0626bcfa07c63816e39240aca9a3ad4,8e9d4b5b19e98d42a673cab589b0c6a3e0626bcfa07c63816e39240aca9a3ad4,True,2,1,criterios,36eb613ac5e3,True,22,12,12,10,10,[],[],2,0.975,['va'],0,0,0,"[""a) Sintaxi: «Preguntes referides a determinats fragments del text, i que podran versar sobre la funció i justificació sintàctica d'alguns constituents, la composició d'uns certs sintagmes, la classe en què es pot incloure l'oració principal o alguna(s) de la(s) subordinada(s), etc. Cada una d'eixes preguntes podrà contindre al seu torn diverses qüestions diferents en el seu interior.» No hi ha cap node de sintaxi en l'arbre.""]","[""El criteri del bloc de coneixement de la llengua indica que es formularan preguntes només sobre tres dels quatre nivells i que en cada nivell hi haurà tres opcions, de les quals cal contestar-ne només dues. L'arbre, en canvi, indica que s'han de respondre obligatòriament els tres nivells plantejats.""]",[],sin_alerta_en_cotejo_sistematico
gpt-6-luna__r2,ab690a84e30c,Inglés,Comunidad Valenciana,2018,extraordinaria,data/pdfs/comunidad-valenciana/ingles/2018-extraordinaria-criterios-llibreta-02c5957c411d.pdf,datos/pdfs/02c5957c411d.pdf,7e92387f47463b10f9c4d2abf356a54163b4ba53c628d365a496caccf49873d1,7e92387f47463b10f9c4d2abf356a54163b4ba53c628d365a496caccf49873d1,True,4,1,criterios,02c5957c411d,True,70,36,36,34,34,[],[],0,,"['es', 'va', 'en']",24,0,0,[],"['El árbol identifica el examen como convocatoria extraordinaria, pero el PDF recibido está rotulado «JULIOL 2018 / JULIO 2018».', 'En el nodo n3, el árbol indica $2{,}0$ puntos y contiene cuatro apartados; los criterios del PDF indican un valor total de $1{,}5$ puntos, $0{,}5$ por ítem, y solo incluyen los apartados a, b y c. No hay criterio para el apartado d del árbol.', 'En A2, los criterios del PDF asignan un valor total de $2$ puntos, mientras que el árbol indica $2{,}5$ puntos.', 'Para la producción escrita, el PDF asigna $4$ puntos, mientras que el árbol indica $3{,}0$ puntos tanto en n32 como en n67.']","[{'regla': 'puntos-distintos', 'grave': False, 'detalle': 'n3: enunciado 2.0, criterios 1.5'}, {'regla': 'puntos-distintos', 'grave': False, 'detalle': 'n8: enunciado 2.5, criterios 2.0'}, {'regla': 'puntos-distintos', 'grave': False, 'detalle': 'n9: enunciado 1.25, criterios 1.0'}, {'regla': 'puntos-distintos', 'grave': False, 'detalle': 'n10: enunciado 1.25, criterios 1.0'}, {'regla': 'puntos-distintos', 'grave': False, 'detalle': 'n32: enunciado 3.0, criterios 4.0'}, {'regla': 'puntos-distintos', 'grave': False, 'detalle': 'n38: enunciado 2.0, criterios 1.5'}, {'regla': 'puntos-distintos', 'grave': False, 'detalle': 'n43: enunciado 2.5, criterios 2.0'}, {'regla': 'puntos-distintos', 'grave': False, 'detalle': 'n44: enunciado 1.25, criterios 1.0'}, {'regla': 'puntos-distintos', 'grave': False, 'detalle': 'n45: enunciado 1.25, criterios 1.0'}, {'regla': 'puntos-distintos', 'grave': False, 'detalle': 'n67: enunciado 3.0, criterios 4.0'}]",baremo_fuente_difiere_examen
gpt-6-luna__r2,acbda9a58213,Matemáticas Aplicadas a las CCSS II,Comunidad Valenciana,2022,ordinaria,data/pdfs/comunidad-valenciana/matematicas-aplicadas-a-las-ccss-ii/2022-ordinaria-criterios-llibreta-62af687fbe22.pdf,datos/pdfs/62af687fbe22.pdf,f2a5967846da8a2e1479f1cc872a728ff579b03dae03a68de070410ed32021d6,f2a5967846da8a2e1479f1cc872a728ff579b03dae03a68de070410ed32021d6,True,6,1,criterios,62af687fbe22,True,23,23,23,21,21,[],[],4,0.957,"['es', 'va']",17,0,0,[],"['En la versión en valenciano del problema 2, la lista de vértices de la región factible omite una coma entre $(50,100)$ y $(0,125)$; la versión en castellano sí incluye la coma.']",[],sin_alerta_en_cotejo_sistematico
gpt-6-luna__r2,b3ab481497c0,Historia de España,Comunidad Valenciana,2012,extraordinaria,data/pdfs/comunidad-valenciana/historia-de-espana/2012-extraordinaria-criterios-llibreta-64d48c69f111.pdf,datos/pdfs/64d48c69f111.pdf,2400bf99b8586e23f02458ed625cc33ca7335dff3e31cce5cc749794b50700b8,2400bf99b8586e23f02458ed625cc33ca7335dff3e31cce5cc749794b50700b8,True,4,1,criterios,64d48c69f111,True,14,10,10,11,11,[],[],2,0.986,"['va', 'es']",10,0,0,[],"['En la opción segunda, el texto en castellano contiene las expresiones «Los regímenes totalitarismos» y «es ideología de de inspiración fascista»; el texto en valenciano contiene «és ideologia de d’inspiració feixista». Se han transcrito literalmente.']",[],sin_alerta_en_cotejo_sistematico
gpt-6-luna__r2,b5ab08876761,Historia de España,Comunidad Valenciana,2019,extraordinaria,data/pdfs/comunidad-valenciana/historia-de-espana/2019-extraordinaria-criterios-llibreta-ca573ed5c4a1.pdf,datos/pdfs/ca573ed5c4a1.pdf,65b9eae9a4434fe7dca167f7a2bf42d5fc00abff58ae33f2b0a03b15a32485b4,65b9eae9a4434fe7dca167f7a2bf42d5fc00abff58ae33f2b0a03b15a32485b4,True,4,1,criterios,ca573ed5c4a1,True,14,10,10,12,12,[],[],2,0.987,"['va', 'es']",9,0,0,[],[],[],sin_alerta_en_cotejo_sistematico
gpt-6-luna__r2,b8bc434a54f5,Historia de España,Comunidad Valenciana,2011,extraordinaria,data/pdfs/comunidad-valenciana/historia-de-espana/2011-extraordinaria-criterios-llibreta-92af7f25d59b.pdf,datos/pdfs/92af7f25d59b.pdf,3e1164fefa5bcd445d016e89165f653ea8f4514a66520532e5a0f5e0d0ccb40a,3e1164fefa5bcd445d016e89165f653ea8f4514a66520532e5a0f5e0d0ccb40a,True,4,1,criterios,92af7f25d59b,True,14,10,10,12,12,[],[],2,0.986,"['va', 'es']",8,0,0,[],[],[],sin_alerta_en_cotejo_sistematico
gpt-6-luna__r2,b996e7795739,Lengua Castellana y Literatura II,Comunidad Valenciana,2025,extraordinaria,data/pdfs/comunidad-valenciana/lengua-castellana-y-literatura-ii/2025-extraordinaria-criterios-llibreta-361720afddf5.pdf,datos/pdfs/361720afddf5.pdf,1850cc7d4af1e554a3e1c6b5d31992b64b867cae439cb4b4c69b0dd6ea0c9bd7,1850cc7d4af1e554a3e1c6b5d31992b64b867cae439cb4b4c69b0dd6ea0c9bd7,True,8,1,criterios,361720afddf5,True,23,13,13,23,23,[],[],0,,['es'],15,0,0,[],"['El documento se titula «EXAMEN LENGUA PAU JULIO 2025», pero el pie de página indica «Examen Lengua PAU junio 2025».']",[],procedencia_oficial_no_acreditada
gpt-6-luna__r2,be1849698853,Diseño,Madrid,2023,ordinaria,data/pdfs/madrid/diseno/2023-ordinaria-examen-uc3m-be1849698853.pdf,datos/pdfs/be1849698853.pdf,a696344c8ba9f02210a50992c3f43feb83698a471830a79b184a1ca5811bd2cf,a696344c8ba9f02210a50992c3f43feb83698a471830a79b184a1ca5811bd2cf,True,7,3,criterios,,True,13,10,10,10,10,[],[],0,,['es'],6,0,5,[],[],"[{'regla': 'desglose-no-suma', 'grave': False, 'detalle': 'n2: 0.25 de 1.0'}, {'regla': 'desglose-no-suma', 'grave': False, 'detalle': 'n4: 0.25 de 1.0'}, {'regla': 'desglose-no-suma', 'grave': False, 'detalle': 'n5: 0.25 de 1.0'}, {'regla': 'desglose-no-suma', 'grave': False, 'detalle': 'n6: 0.75 de 1.0'}, {'regla': 'desglose-no-suma', 'grave': False, 'detalle': 'n7: 0.25 de 1.0'}]",sin_alerta_en_cotejo_sistematico
gpt-6-luna__r2,c159097f9120,Lengua Castellana y Literatura II,Comunidad Valenciana,2025,ordinaria,data/pdfs/comunidad-valenciana/lengua-castellana-y-literatura-ii/2025-ordinaria-criterios-llibreta-7cbb3317ab4c.pdf,datos/pdfs/7cbb3317ab4c.pdf,1a89520c4bb18416131fcdfe08927274c149df83ec8aca2137bd8f0d6c1168f5,1a89520c4bb18416131fcdfe08927274c149df83ec8aca2137bd8f0d6c1168f5,True,6,1,criterios,7cbb3317ab4c,False,22,13,0,0,0,[],[],0,,[],0,0,0,[],[],"[{'regla': 'sin-criterios', 'grave': False, 'detalle': 'el documento no trae criterios de este examen'}]",sin_criterios_en_fuente
gpt-6-luna__r2,c18e08692807,Lengua Castellana y Literatura II,Comunidad Valenciana,2016,extraordinaria,data/pdfs/comunidad-valenciana/lengua-castellana-y-literatura-ii/2016-extraordinaria-criterios-llibreta-e05165015213.pdf,datos/pdfs/e05165015213.pdf,93bae4c7232b53499e4326136d37aba321f9f4abbaefcb4d49bb3d14c36658c3,93bae4c7232b53499e4326136d37aba321f9f4abbaefcb4d49bb3d14c36658c3,True,2,1,criterios,e05165015213,True,16,12,12,14,14,[],[],3,0.912,['es'],0,0,0,[],"['Los criterios genéricos del apartado II enumeran morfología y léxico-semántica, sintaxis, cohesión, adecuación y literatura en un orden distinto al de las preguntas de las opciones. Se han asociado a cada nodo según el contenido de la pregunta.', 'En el ejemplo de modalización de la página 2 aparece «palabas» en el PDF.']",[],sin_alerta_en_cotejo_sistematico
gpt-6-luna__r2,c1e0cd9998cb,Italiano,Madrid,2021,extraordinaria,data/pdfs/madrid/italiano/2021-extraordinaria-examen-coincidencias-uc3m-c1e0cd9998cb.pdf,datos/pdfs/c1e0cd9998cb.pdf,917e21eab34bc440b344062e2d447b48844a97ba7422817fefb50afe03fd4d11,917e21eab34bc440b344062e2d447b48844a97ba7422817fefb50afe03fd4d11,True,4,3,criterios,,True,48,12,12,34,34,[],[],0,,['it'],23,0,0,[],[],[],sin_alerta_en_cotejo_sistematico
gpt-6-luna__r2,cd011dfc3111,Historia de España,Comunidad Valenciana,2018,ordinaria,data/pdfs/comunidad-valenciana/historia-de-espana/2018-ordinaria-criterios-llibreta-1f26a8daac4b.pdf,datos/pdfs/1f26a8daac4b.pdf,cd5c50bd9bf1317630054a46a80ecb16aa4b5f5771d5257a3ddd4c1e56c6aeb5,cd5c50bd9bf1317630054a46a80ecb16aa4b5f5771d5257a3ddd4c1e56c6aeb5,True,4,1,criterios,1f26a8daac4b,True,14,10,10,12,12,[],[],2,0.986,"['va', 'es']",10,0,0,[],[],[],sin_alerta_en_cotejo_sistematico
gpt-6-luna__r2,cdd0f4f759e1,Historia de España,Comunidad Valenciana,2026,extraordinaria,data/pdfs/comunidad-valenciana/historia-de-espana/2026-extraordinaria-criterios-llibreta-a94284193403.pdf,datos/pdfs/a94284193403.pdf,25b0f865d30d03aedad8f955b5b70c254cafd3b297092a19edebd4ca5164d7d1,25b0f865d30d03aedad8f955b5b70c254cafd3b297092a19edebd4ca5164d7d1,True,6,1,criterios,a94284193403,True,14,5,5,11,11,[],[],4,0.979,"['va', 'es']",9,0,0,[],"['En la respuesta del tema 3.2, el documento dice «asome la soberanía», expresión que parece una errata; se transcribe literalmente.', 'El documento presenta el criterio del tema 3.2 únicamente en castellano, sin versión valenciana.']",[],pagina_criterio_incorrecta
gpt-6-luna__r2,ce17d1837c64,Literatura Universal,País Vasco,2013,extraordinaria,data/pdfs/pais-vasco/literatura-universal/2013-extraordinaria-examen-ehu-ce17d1837c64.pdf,datos/pdfs/ce17d1837c64.pdf,29e2c231aebb31cde28fe63a53f971a0b6c74d9380cb0a26e00b9628f71ab9c8,29e2c231aebb31cde28fe63a53f971a0b6c74d9380cb0a26e00b9628f71ab9c8,True,6,5,criterios,,True,10,8,8,8,8,[],[],2,1.0,['es'],0,0,0,[],[],[],sin_alerta_en_cotejo_sistematico
gpt-6-luna__r2,cf8f175f86e7,Movimientos Culturales y Artísticos,País Vasco,2024,ordinaria,data/pdfs/pais-vasco/movimientos-culturales-y-artisticos/2024-ordinaria-examen-ehu-cf8f175f86e7.pdf,datos/pdfs/cf8f175f86e7.pdf,aa67586202e0ca7d0a30bbb0a9aa8bb23a7e8bc278d5b27bca216935a738e3e1,aa67586202e0ca7d0a30bbb0a9aa8bb23a7e8bc278d5b27bca216935a738e3e1,True,7,7,criterios,,True,44,26,26,32,32,[],[],1,1.0,['es'],0,0,0,[],[],[],sin_alerta_en_cotejo_sistematico
gpt-6-luna__r2,d1e0bad7ac24,Historia de España,Comunidad Valenciana,2015,extraordinaria,data/pdfs/comunidad-valenciana/historia-de-espana/2015-extraordinaria-criterios-llibreta-f68f760ed36b.pdf,datos/pdfs/f68f760ed36b.pdf,c79e60d0a65cca731ca050159a95975b644eaadecf12b66c514bd0ed6dcc7977,c79e60d0a65cca731ca050159a95975b644eaadecf12b66c514bd0ed6dcc7977,True,4,1,criterios,f68f760ed36b,True,14,10,10,12,12,[],[],0,,"['va', 'es']",10,0,0,[],"['En la primera opción, el criterio asigna expresamente $2{,}5$ puntos al apartado sobre el sistema canovista, pero no indica una puntuación para el apartado sobre la evolución de los modelos de sufragio; el árbol asigna $2{,}0$ puntos a este último.', 'En la segunda opción, el criterio asigna expresamente $2{,}5$ puntos al apartado sobre los problemas y resistencias de la Transición, pero no indica una puntuación para el apartado sobre las intervenciones militares; el árbol asigna $2{,}0$ puntos a este último.']",[],sin_alerta_en_cotejo_sistematico
gpt-6-luna__r2,d33db3386e53,Lengua Castellana y Literatura II,Comunidad Valenciana,2018,ordinaria,data/pdfs/comunidad-valenciana/lengua-castellana-y-literatura-ii/2018-ordinaria-criterios-llibreta-c98a4e164b4e.pdf,datos/pdfs/c98a4e164b4e.pdf,d21e6bc90b8e56b8178ab96e5656846926b63bfce30bedcb85c53b37d5e4e21f,d21e6bc90b8e56b8178ab96e5656846926b63bfce30bedcb85c53b37d5e4e21f,True,2,1,criterios,c98a4e164b4e,True,16,12,12,10,10,[],[],1,1.0,['es'],0,0,0,"['Criterio de nivel léxico-semántico: «En lo que atañe al nivel léxico-semántico, la pregunta versará sobre el significado de palabras contextualizadas. El significado de las palabras se podrá delimitar mediante sinónimos o mediante paráfrasis.» No hay un nodo del árbol que corresponda a esta cuestión.']","['Los criterios del apartado II se organizan por niveles o contenidos (morfología y léxico-semántica, sintaxis, cohesión, adecuación y literatura), mientras que el examen numera las preguntas II.1, II.2 y II.3. Se han asociado por el contenido de cada pregunta, no por coincidencia de numeración.']",[],sin_alerta_en_cotejo_sistematico
gpt-6-luna__r2,d54d5d841933,Lengua Castellana y Literatura II,Comunidad Valenciana,2019,extraordinaria,data/pdfs/comunidad-valenciana/lengua-castellana-y-literatura-ii/2019-extraordinaria-criterios-llibreta-8ab2c47bc539.pdf,datos/pdfs/8ab2c47bc539.pdf,3f2a487a2f228a15c7de39196c4fc6b92e434ba45ea7533c9bf37a0f6397ee2f,3f2a487a2f228a15c7de39196c4fc6b92e434ba45ea7533c9bf37a0f6397ee2f,True,2,1,criterios,8ab2c47bc539,True,16,12,12,14,14,[],[],1,0.912,['es'],0,0,0,[],"['Los criterios de las cuestiones están organizados por niveles o materias (morfología y léxico-semántica, sintaxis, cohesión y literatura), no por la numeración II.1, II.2 y II.3 del árbol; se han asociado a los nodos correspondientes por el contenido.']",[],sin_alerta_en_cotejo_sistematico
gpt-6-luna__r2,d779a6b74aba,Historia de España,Comunidad Valenciana,2013,ordinaria,data/pdfs/comunidad-valenciana/historia-de-espana/2013-ordinaria-criterios-llibreta-9db6504234c3.pdf,datos/pdfs/9db6504234c3.pdf,895987988d913cafcd59519d444d076eaf8977d4d87034808938816229b3cdbc,895987988d913cafcd59519d444d076eaf8977d4d87034808938816229b3cdbc,True,4,1,criterios,9db6504234c3,True,18,10,10,16,16,[],[],4,0.96,"['va', 'es']",11,0,0,[],[],[],sin_alerta_en_cotejo_sistematico
gpt-6-luna__r2,db08dd7416d3,Lengua Castellana y Literatura II,Comunidad Valenciana,2024,extraordinaria,data/pdfs/comunidad-valenciana/lengua-castellana-y-literatura-ii/2024-extraordinaria-criterios-llibreta-cfcd341d1891.pdf,datos/pdfs/cfcd341d1891.pdf,7dde27ed710552f87b81ac0f4c13e6d55a88d4a48aab0a15e463d03a9d9e891f,7dde27ed710552f87b81ac0f4c13e6d55a88d4a48aab0a15e463d03a9d9e891f,True,9,1,criterios,cfcd341d1891,True,27,25,25,20,20,[],[],0,,['es'],20,0,0,[],"['En la respuesta de n16, el enunciado solicita un antónimo, pero la respuesta lo etiqueta como «Sinónimo: Desconocido».', 'En la respuesta de n11, para «superalimentos» se identifica «-s» como «sufijo flexivo de género».']",[],sin_alerta_en_cotejo_sistematico
gpt-6-luna__r2,dfa70105641a,Lengua Castellana y Literatura II,Comunidad Valenciana,2021,ordinaria,data/pdfs/comunidad-valenciana/lengua-castellana-y-literatura-ii/2021-ordinaria-criterios-llibreta-bfe03280bb50.pdf,datos/pdfs/bfe03280bb50.pdf,dbebfc08b311ea4d8e6443a584c293ae3078a2a8184d0b667643c3a0299d7c51,dbebfc08b311ea4d8e6443a584c293ae3078a2a8184d0b667643c3a0299d7c51,True,2,1,criterios,bfe03280bb50,True,29,29,29,15,15,[],[],1,0.934,['es'],0,0,0,"['c) Preguntas sobre modalización: «El alumnado deberá comentar en profundidad tipos de rasgos modalizadores presentes en el texto propuesto, ilustrándolos con ejemplos extraídos de ese texto». No se identifica ningún nodo de modalización en el árbol.']",[],[],sin_alerta_en_cotejo_sistematico
gpt-6-luna__r2,eb1d77ddf433,Lengua Castellana y Literatura II,Comunidad Valenciana,2023,extraordinaria,data/pdfs/comunidad-valenciana/lengua-castellana-y-literatura-ii/2023-extraordinaria-criterios-llibreta-73c25f2247ec.pdf,datos/pdfs/73c25f2247ec.pdf,640976c751cb988d0aaa117e42daa18908acedf6aa8ef9c31d5ab2668a174d0e,640976c751cb988d0aaa117e42daa18908acedf6aa8ef9c31d5ab2668a174d0e,True,10,1,criterios,73c25f2247ec,True,26,26,26,20,20,[],[],0,,['es'],19,0,0,[],"['En la respuesta de la pregunta 3, la segunda opción de análisis de «reaccionara» identifica «Re-» como prefijo derivativo, pero luego clasifica la estructura de la palabra como simple.', 'En la respuesta del apartado 2.b se cita «una persona con esas características», mientras que en el fragmento reproducido en el documento aparece «una persona con estas características».']",[],sin_alerta_en_cotejo_sistematico
gpt-6-luna__r2,ed03ea4e6cf8,Artes Escénicas II,Madrid,2020,ordinaria,data/pdfs/madrid/artes-escenicas-ii/2020-ordinaria-examen-coincidencias-uc3m-ed03ea4e6cf8.pdf,datos/pdfs/ed03ea4e6cf8.pdf,d3da10e9517789978920ffaf3fec1323feb8b9ff7295638825af945247493f0d,d3da10e9517789978920ffaf3fec1323feb8b9ff7295638825af945247493f0d,True,12,9,criterios,,True,19,6,6,16,16,[],[],0,,['es'],10,0,0,[],[],[],sin_alerta_en_cotejo_sistematico
