documento,region_catalogo,asignatura_catalogo,anio,estado,hallazgos,revision_semantica_completa,cobertura
012555da3d70,Comunidad Valenciana,Historia del Arte,2022,sin_hallazgo_individual_no_certificado,,False,Inventario/estructura p5 y criba visual cabecera; alcance semántico por informe de área
01808acbd270,Madrid,Historia de España,2024,sin_hallazgo_individual_no_certificado,,False,Inventario/estructura p5 y criba visual cabecera; alcance semántico por informe de área
03364198c8fb,Madrid,Francés,2025,con_observaciones,FIG-06,False,Inventario/estructura p5 y criba visual cabecera; alcance semántico por informe de área
053608cf06ee,Comunidad Valenciana,Lengua Castellana y Literatura II,2013,sin_hallazgo_individual_no_certificado,,False,Inventario/estructura p5 y criba visual cabecera; alcance semántico por informe de área
0698620afa36,Comunidad Valenciana,Matemáticas II,2018,sin_hallazgo_individual_no_certificado,,False,Inventario/estructura p5 y criba visual cabecera; alcance semántico por informe de área
070c3795d83c,País Vasco,Técnicas de Expresión Gráfico-Plástica,2026,con_observaciones,RUB-001,False,Inventario/estructura p5 y criba visual cabecera; alcance semántico por informe de área
0743849de2d6,Madrid,Lengua Castellana y Literatura II,2025,con_observaciones,S16,False,Inventario/estructura p5 y criba visual cabecera; alcance semántico por informe de área
08621369dc34,Comunidad Valenciana,Ciencias de la Tierra y Medioambientales,2014,sin_hallazgo_individual_no_certificado,,False,Inventario/estructura p5 y criba visual cabecera; alcance semántico por informe de área
09fa045004f2,Comunidad Valenciana,Lengua Castellana y Literatura II,2025,con_observaciones,META-01,False,Inventario/estructura p5 y criba visual cabecera; alcance semántico por informe de área
09feb8541d90,Comunidad Valenciana,Historia de España,2021,con_observaciones,S09,False,Inventario/estructura p5 y criba visual cabecera; alcance semántico por informe de área
0a50595f8036,Madrid,Dibujo Artístico II,2026,sin_hallazgo_individual_no_certificado,,False,Inventario/estructura p5 y criba visual cabecera; alcance semántico por informe de área
0ac57a998ad1,Comunidad Valenciana,Empresa y Diseño de Modelos de Negocio,2015,sin_hallazgo_individual_no_certificado,,False,Inventario/estructura p5 y criba visual cabecera; alcance semántico por informe de área
0b7e227a5499,Madrid,Matemáticas II,2026,con_observaciones,"PREG-01,S05",False,Inventario/estructura p5 y criba visual cabecera; alcance semántico por informe de área
0bed555f767c,Madrid,Italiano,2018,sin_hallazgo_individual_no_certificado,,False,Inventario/estructura p5 y criba visual cabecera; alcance semántico por informe de área
0d5e5806192a,Madrid,Lengua Castellana y Literatura II,2019,sin_hallazgo_individual_no_certificado,,False,Inventario/estructura p5 y criba visual cabecera; alcance semántico por informe de área
0fedaac3fe5f,Comunidad Valenciana,Lengua Castellana y Literatura II,2011,sin_hallazgo_individual_no_certificado,,False,Inventario/estructura p5 y criba visual cabecera; alcance semántico por informe de área
114bff1bacb1,Madrid,Lengua Castellana y Literatura II,2023,con_observaciones,"S07,S15",False,Inventario/estructura p5 y criba visual cabecera; alcance semántico por informe de área
12d25f00833d,Comunidad Valenciana,Matemáticas II,2022,sin_hallazgo_individual_no_certificado,,False,Inventario/estructura p5 y criba visual cabecera; alcance semántico por informe de área
13244a0fa596,Madrid,Historia de España,2021,sin_hallazgo_individual_no_certificado,,False,Inventario/estructura p5 y criba visual cabecera; alcance semántico por informe de área
16d0161b5c29,Comunidad Valenciana,Historia de España,2020,sin_hallazgo_individual_no_certificado,,False,Inventario/estructura p5 y criba visual cabecera; alcance semántico por informe de área
16eb4becf2b2,Comunidad Valenciana,Historia de España,2014,sin_hallazgo_individual_no_certificado,,False,Inventario/estructura p5 y criba visual cabecera; alcance semántico por informe de área
172579fa76d4,País Vasco,Historia de la Filosofía,2021,sin_hallazgo_individual_no_certificado,,False,Inventario/estructura p5 y criba visual cabecera; alcance semántico por informe de área
17445f0ab770,Comunidad Valenciana,Química,2023,sin_hallazgo_individual_no_certificado,,False,Inventario/estructura p5 y criba visual cabecera; alcance semántico por informe de área
184bfaad518f,Madrid,Matemáticas II,2019,con_observaciones,"S01,S04,FIG-01",False,Inventario/estructura p5 y criba visual cabecera; alcance semántico por informe de área
19e1e026fa90,Comunidad Valenciana,Matemáticas II,2025,sin_hallazgo_individual_no_certificado,,False,Inventario/estructura p5 y criba visual cabecera; alcance semántico por informe de área
1a86b8a6273d,Madrid,Lengua Castellana y Literatura II,2020,sin_hallazgo_individual_no_certificado,,False,Inventario/estructura p5 y criba visual cabecera; alcance semántico por informe de área
1b0c55921d01,Comunidad Valenciana,Historia de España,2022,con_observaciones,S10,False,Inventario/estructura p5 y criba visual cabecera; alcance semántico por informe de área
1bc800a06e3b,Madrid,Matemáticas II,2021,sin_hallazgo_individual_no_certificado,,False,Inventario/estructura p5 y criba visual cabecera; alcance semántico por informe de área
1d26a968086e,Madrid,Historia de España,2023,sin_hallazgo_individual_no_certificado,,False,Inventario/estructura p5 y criba visual cabecera; alcance semántico por informe de área
1f06fc98f001,Madrid,Física,2018,con_observaciones,FIG-02,False,Inventario/estructura p5 y criba visual cabecera; alcance semántico por informe de área
208b83b7e460,Comunidad Valenciana,Lengua Castellana y Literatura II,2017,sin_hallazgo_individual_no_certificado,,False,Inventario/estructura p5 y criba visual cabecera; alcance semántico por informe de área
20f477248bf5,Madrid,Lengua Castellana y Literatura II,2021,sin_hallazgo_individual_no_certificado,,False,Inventario/estructura p5 y criba visual cabecera; alcance semántico por informe de área
215c4577b13a,Madrid,Historia de España,2023,sin_hallazgo_individual_no_certificado,,False,Inventario/estructura p5 y criba visual cabecera; alcance semántico por informe de área
224e5e634fab,Madrid,Lengua Castellana y Literatura II,2018,sin_hallazgo_individual_no_certificado,,False,Inventario/estructura p5 y criba visual cabecera; alcance semántico por informe de área
2290f27c0d9c,Madrid,Matemáticas II,2018,sin_hallazgo_individual_no_certificado,,False,Inventario/estructura p5 y criba visual cabecera; alcance semántico por informe de área
2422938d704e,Comunidad Valenciana,Biología,2022,con_observaciones,PREG-06,False,Inventario/estructura p5 y criba visual cabecera; alcance semántico por informe de área
244a2772cd9c,Madrid,Historia de España,2023,sin_hallazgo_individual_no_certificado,,False,Inventario/estructura p5 y criba visual cabecera; alcance semántico por informe de área
25fcf7208b8f,Madrid,Matemáticas II,2022,con_observaciones,"S02,S03,S12,FORM-01",False,Inventario/estructura p5 y criba visual cabecera; alcance semántico por informe de área
26b80e1966f5,Madrid,Historia de España,2019,sin_hallazgo_individual_no_certificado,,False,Inventario/estructura p5 y criba visual cabecera; alcance semántico por informe de área
2787fc4d640f,Madrid,Química,2019,con_observaciones,"PREG-09,S17,S19",False,Inventario/estructura p5 y criba visual cabecera; alcance semántico por informe de área
28f5e820a133,Madrid,Historia de España,2020,sin_hallazgo_individual_no_certificado,,False,Inventario/estructura p5 y criba visual cabecera; alcance semántico por informe de área
297407c89a0a,Madrid,Matemáticas II,2026,sin_hallazgo_individual_no_certificado,,False,Inventario/estructura p5 y criba visual cabecera; alcance semántico por informe de área
2b2153c3b2ce,Madrid,Lengua Castellana y Literatura II,2021,sin_hallazgo_individual_no_certificado,,False,Inventario/estructura p5 y criba visual cabecera; alcance semántico por informe de área
2d573323997e,Madrid,Matemáticas II,2025,sin_hallazgo_individual_no_certificado,,False,Inventario/estructura p5 y criba visual cabecera; alcance semántico por informe de área
2d925fa916b9,Madrid,Matemáticas II,2023,sin_hallazgo_individual_no_certificado,,False,Inventario/estructura p5 y criba visual cabecera; alcance semántico por informe de área
2e1486f4d824,Comunidad Valenciana,Inglés,2022,sin_hallazgo_individual_no_certificado,,False,Inventario/estructura p5 y criba visual cabecera; alcance semántico por informe de área
2f32a4ccbaab,Madrid,Matemáticas II,2018,sin_hallazgo_individual_no_certificado,,False,Inventario/estructura p5 y criba visual cabecera; alcance semántico por informe de área
2f3ff3e8cb8c,Madrid,Matemáticas II,2019,sin_hallazgo_individual_no_certificado,,False,Inventario/estructura p5 y criba visual cabecera; alcance semántico por informe de área
3068d1110070,País Vasco,Análisis Musical II,2011,con_observaciones,"FIG-08,FIG-09",False,Inventario/estructura p5 y criba visual cabecera; alcance semántico por informe de área
317634da39e8,Madrid,Lengua Castellana y Literatura II,2025,sin_hallazgo_individual_no_certificado,,False,Inventario/estructura p5 y criba visual cabecera; alcance semántico por informe de área
32384d10aa13,Madrid,Historia de España,2018,con_observaciones,S08,False,Inventario/estructura p5 y criba visual cabecera; alcance semántico por informe de área
32e15229d4e3,Comunidad Valenciana,Historia de España,2015,sin_hallazgo_individual_no_certificado,,False,Inventario/estructura p5 y criba visual cabecera; alcance semántico por informe de área
334e3227bf82,Comunidad Valenciana,Historia de España,2023,con_observaciones,S06,False,Inventario/estructura p5 y criba visual cabecera; alcance semántico por informe de área
3469f9a1dc3e,Comunidad Valenciana,Historia de España,2016,sin_hallazgo_individual_no_certificado,,False,Inventario/estructura p5 y criba visual cabecera; alcance semántico por informe de área
36ac1674aa0b,Comunidad Valenciana,Lengua Castellana y Literatura II,2011,sin_hallazgo_individual_no_certificado,,False,Inventario/estructura p5 y criba visual cabecera; alcance semántico por informe de área
37d3ea174a4a,Madrid,Lengua Castellana y Literatura II,2026,sin_hallazgo_individual_no_certificado,,False,Inventario/estructura p5 y criba visual cabecera; alcance semántico por informe de área
387b76d59962,Madrid,Matemáticas II,2023,sin_hallazgo_individual_no_certificado,,False,Inventario/estructura p5 y criba visual cabecera; alcance semántico por informe de área
389c79bb683d,Comunidad Valenciana,Historia de España,2024,sin_hallazgo_individual_no_certificado,,False,Inventario/estructura p5 y criba visual cabecera; alcance semántico por informe de área
3999e499d821,Comunidad Valenciana,Historia de España,2025,sin_hallazgo_individual_no_certificado,,False,Inventario/estructura p5 y criba visual cabecera; alcance semántico por informe de área
3ad09f75385c,País Vasco,Tecnología e Ingeniería II,2011,sin_hallazgo_individual_no_certificado,,False,Inventario/estructura p5 y criba visual cabecera; alcance semántico por informe de área
3c134e1125e6,Comunidad Valenciana,Historia de España,2026,con_observaciones,"RUB-009,S11,S14",False,Inventario/estructura p5 y criba visual cabecera; alcance semántico por informe de área
3e33052fedf6,Madrid,Matemáticas II,2018,sin_hallazgo_individual_no_certificado,,False,Inventario/estructura p5 y criba visual cabecera; alcance semántico por informe de área
3e560f6e17a7,País Vasco,Portugués,2011,sin_hallazgo_individual_no_certificado,,False,Inventario/estructura p5 y criba visual cabecera; alcance semántico por informe de área
4043dfadf4dd,Madrid,Historia de España,2019,sin_hallazgo_individual_no_certificado,,False,Inventario/estructura p5 y criba visual cabecera; alcance semántico por informe de área
41369b24aea3,Comunidad Valenciana,Historia de España,2024,sin_hallazgo_individual_no_certificado,,False,Inventario/estructura p5 y criba visual cabecera; alcance semántico por informe de área
41fdc1fe038d,Comunidad Valenciana,Historia de España,2013,con_observaciones,PREG-05,False,Inventario/estructura p5 y criba visual cabecera; alcance semántico por informe de área
423dd33e007e,Madrid,Matemáticas II,2025,sin_hallazgo_individual_no_certificado,,False,Inventario/estructura p5 y criba visual cabecera; alcance semántico por informe de área
42576f6f84fc,Comunidad Valenciana,Lengua Castellana y Literatura II,2020,con_observaciones,PREG-04,False,Inventario/estructura p5 y criba visual cabecera; alcance semántico por informe de área
42e04e11e8ed,Comunidad Valenciana,Historia de España,2010,sin_hallazgo_individual_no_certificado,,False,Inventario/estructura p5 y criba visual cabecera; alcance semántico por informe de área
43cb911fd6fb,Madrid,Lengua Castellana y Literatura II,2025,sin_hallazgo_individual_no_certificado,,False,Inventario/estructura p5 y criba visual cabecera; alcance semántico por informe de área
43d8d44c5114,Madrid,Historia de España,2024,sin_hallazgo_individual_no_certificado,,False,Inventario/estructura p5 y criba visual cabecera; alcance semántico por informe de área
45c44a65437e,Madrid,Historia de España,2018,sin_hallazgo_individual_no_certificado,,False,Inventario/estructura p5 y criba visual cabecera; alcance semántico por informe de área
46a7525321b4,Madrid,Matemáticas II,2023,sin_hallazgo_individual_no_certificado,,False,Inventario/estructura p5 y criba visual cabecera; alcance semántico por informe de área
47ffbcd1fca6,Madrid,Matemáticas II,2024,sin_hallazgo_individual_no_certificado,,False,Inventario/estructura p5 y criba visual cabecera; alcance semántico por informe de área
488817140d92,Comunidad Valenciana,Historia de España,2012,sin_hallazgo_individual_no_certificado,,False,Inventario/estructura p5 y criba visual cabecera; alcance semántico por informe de área
49e9ef3c3296,País Vasco,Matemáticas II,2026,con_observaciones,"S13,S18",False,Inventario/estructura p5 y criba visual cabecera; alcance semántico por informe de área
4a7c96ae2912,País Vasco,Historia de la Música y de la Danza,2012,con_observaciones,"RUB-005,FIG-08",False,Inventario/estructura p5 y criba visual cabecera; alcance semántico por informe de área
4a9b9f03ca14,Comunidad Valenciana,Lengua Castellana y Literatura II,2015,sin_hallazgo_individual_no_certificado,,False,Inventario/estructura p5 y criba visual cabecera; alcance semántico por informe de área
4afa0f0f8a54,Madrid,Coro y Técnica Vocal II,2025,sin_hallazgo_individual_no_certificado,,False,Inventario/estructura p5 y criba visual cabecera; alcance semántico por informe de área
4dcc02e32509,Madrid,Lengua Castellana y Literatura II,2020,sin_hallazgo_individual_no_certificado,,False,Inventario/estructura p5 y criba visual cabecera; alcance semántico por informe de área
4e4bbca013d1,Comunidad Valenciana,Lengua Castellana y Literatura II,2024,sin_hallazgo_individual_no_certificado,,False,Inventario/estructura p5 y criba visual cabecera; alcance semántico por informe de área
4e703d87e493,Comunidad Valenciana,Historia de España,2017,sin_hallazgo_individual_no_certificado,,False,Inventario/estructura p5 y criba visual cabecera; alcance semántico por informe de área
503de18296eb,Comunidad Valenciana,Matemáticas II,2020,sin_hallazgo_individual_no_certificado,,False,Inventario/estructura p5 y criba visual cabecera; alcance semántico por informe de área
5091bd5d23ad,Comunidad Valenciana,Lengua Castellana y Literatura II,2022,con_observaciones,RUB-003,False,Inventario/estructura p5 y criba visual cabecera; alcance semántico por informe de área
52d217fa097d,Madrid,Lengua Castellana y Literatura II,2026,sin_hallazgo_individual_no_certificado,,False,Inventario/estructura p5 y criba visual cabecera; alcance semántico por informe de área
53bf68f29024,Comunidad Valenciana,Lengua Castellana y Literatura II,2021,sin_hallazgo_individual_no_certificado,,False,Inventario/estructura p5 y criba visual cabecera; alcance semántico por informe de área
54df7fdb158b,Comunidad Valenciana,Lengua Castellana y Literatura II,2012,sin_hallazgo_individual_no_certificado,,False,Inventario/estructura p5 y criba visual cabecera; alcance semántico por informe de área
56bd7dc00fe3,Comunidad Valenciana,Historia del Arte,2024,sin_hallazgo_individual_no_certificado,,False,Inventario/estructura p5 y criba visual cabecera; alcance semántico por informe de área
56d8a75a668c,Comunidad Valenciana,Historia de España,2021,sin_hallazgo_individual_no_certificado,,False,Inventario/estructura p5 y criba visual cabecera; alcance semántico por informe de área
570fa053e73a,Madrid,Matemáticas II,2020,sin_hallazgo_individual_no_certificado,,False,Inventario/estructura p5 y criba visual cabecera; alcance semántico por informe de área
57c556902e6d,Comunidad Valenciana,Matemáticas II,2024,sin_hallazgo_individual_no_certificado,,False,Inventario/estructura p5 y criba visual cabecera; alcance semántico por informe de área
57fdd40780e1,Comunidad Valenciana,Matemáticas II,2018,sin_hallazgo_individual_no_certificado,,False,Inventario/estructura p5 y criba visual cabecera; alcance semántico por informe de área
5a168e605053,Madrid,Historia de España,2021,sin_hallazgo_individual_no_certificado,,False,Inventario/estructura p5 y criba visual cabecera; alcance semántico por informe de área
5ac286f9ac79,Comunidad Valenciana,Lengua Castellana y Literatura II,2015,sin_hallazgo_individual_no_certificado,,False,Inventario/estructura p5 y criba visual cabecera; alcance semántico por informe de área
5bf79e24ec75,Madrid,Lengua Castellana y Literatura II,2018,sin_hallazgo_individual_no_certificado,,False,Inventario/estructura p5 y criba visual cabecera; alcance semántico por informe de área
5e8b4ad65b41,Madrid,Historia de España,2023,sin_hallazgo_individual_no_certificado,,False,Inventario/estructura p5 y criba visual cabecera; alcance semántico por informe de área
619d7c4c0d6d,Comunidad Valenciana,Matemáticas II,2019,sin_hallazgo_individual_no_certificado,,False,Inventario/estructura p5 y criba visual cabecera; alcance semántico por informe de área
61e34b1b42fa,Comunidad Valenciana,Historia de España,2025,con_observaciones,"FIG-04,META-02",False,Inventario/estructura p5 y criba visual cabecera; alcance semántico por informe de área
6286420bd955,Madrid,Lengua Castellana y Literatura II,2020,sin_hallazgo_individual_no_certificado,,False,Inventario/estructura p5 y criba visual cabecera; alcance semántico por informe de área
62b3755b8573,Madrid,Lengua Castellana y Literatura II,2018,sin_hallazgo_individual_no_certificado,,False,Inventario/estructura p5 y criba visual cabecera; alcance semántico por informe de área
6426459db740,Madrid,Historia de España,2021,sin_hallazgo_individual_no_certificado,,False,Inventario/estructura p5 y criba visual cabecera; alcance semántico por informe de área
6446ce8ed0cf,Comunidad Valenciana,Lengua Castellana y Literatura II,2019,sin_hallazgo_individual_no_certificado,,False,Inventario/estructura p5 y criba visual cabecera; alcance semántico por informe de área
64e2509df555,Comunidad Valenciana,Matemáticas II,2022,sin_hallazgo_individual_no_certificado,,False,Inventario/estructura p5 y criba visual cabecera; alcance semántico por informe de área
659fff1375be,Madrid,Lengua Castellana y Literatura II,2023,sin_hallazgo_individual_no_certificado,,False,Inventario/estructura p5 y criba visual cabecera; alcance semántico por informe de área
6649ce9eecb2,Comunidad Valenciana,Lengua Castellana y Literatura II,2023,con_observaciones,RUB-006,False,Inventario/estructura p5 y criba visual cabecera; alcance semántico por informe de área
67eea232db63,País Vasco,Dibujo Técnico II,2024,con_observaciones,FIG-07,False,Inventario/estructura p5 y criba visual cabecera; alcance semántico por informe de área
68febd0b4352,País Vasco,Latín II,2022,sin_hallazgo_individual_no_certificado,,False,Inventario/estructura p5 y criba visual cabecera; alcance semántico por informe de área
698abffe77ea,Comunidad Valenciana,Historia de España,2020,sin_hallazgo_individual_no_certificado,,False,Inventario/estructura p5 y criba visual cabecera; alcance semántico por informe de área
6a2a804ce68f,Comunidad Valenciana,Química,2016,sin_hallazgo_individual_no_certificado,,False,Inventario/estructura p5 y criba visual cabecera; alcance semántico por informe de área
6bfd1db9d487,Madrid,Lengua Castellana y Literatura II,2019,sin_hallazgo_individual_no_certificado,,False,Inventario/estructura p5 y criba visual cabecera; alcance semántico por informe de área
6e24013db05c,Madrid,Lengua Castellana y Literatura II,2022,sin_hallazgo_individual_no_certificado,,False,Inventario/estructura p5 y criba visual cabecera; alcance semántico por informe de área
7159ec231c04,Madrid,Matemáticas II,2024,sin_hallazgo_individual_no_certificado,,False,Inventario/estructura p5 y criba visual cabecera; alcance semántico por informe de área
7241ab1f5341,Comunidad Valenciana,Lengua Castellana y Literatura II,2016,sin_hallazgo_individual_no_certificado,,False,Inventario/estructura p5 y criba visual cabecera; alcance semántico por informe de área
73126b12ba41,Comunidad Valenciana,Matemáticas II,2019,sin_hallazgo_individual_no_certificado,,False,Inventario/estructura p5 y criba visual cabecera; alcance semántico por informe de área
7336bed75af4,Comunidad Valenciana,Historia de España,2018,sin_hallazgo_individual_no_certificado,,False,Inventario/estructura p5 y criba visual cabecera; alcance semántico por informe de área
73d799a38839,País Vasco,Lengua Vasca y Literatura II,2025,sin_hallazgo_individual_no_certificado,,False,Inventario/estructura p5 y criba visual cabecera; alcance semántico por informe de área
785105ac7ec2,Madrid,Alemán,2018,sin_hallazgo_individual_no_certificado,,False,Inventario/estructura p5 y criba visual cabecera; alcance semántico por informe de área
78f2610feda8,Madrid,Matemáticas II,2019,sin_hallazgo_individual_no_certificado,,False,Inventario/estructura p5 y criba visual cabecera; alcance semántico por informe de área
794badfb1034,Madrid,Matemáticas II,2026,sin_hallazgo_individual_no_certificado,,False,Inventario/estructura p5 y criba visual cabecera; alcance semántico por informe de área
79bbdbfe8cb1,Madrid,Lengua Castellana y Literatura II,2022,sin_hallazgo_individual_no_certificado,,False,Inventario/estructura p5 y criba visual cabecera; alcance semántico por informe de área
7a299e5b3671,Madrid,Lengua Castellana y Literatura II,2022,sin_hallazgo_individual_no_certificado,,False,Inventario/estructura p5 y criba visual cabecera; alcance semántico por informe de área
7a8748608425,Comunidad Valenciana,Historia de España,2019,sin_hallazgo_individual_no_certificado,,False,Inventario/estructura p5 y criba visual cabecera; alcance semántico por informe de área
7e1bad7a80fd,País Vasco,Ciencias Generales,2025,sin_hallazgo_individual_no_certificado,,False,Inventario/estructura p5 y criba visual cabecera; alcance semántico por informe de área
7f137014114d,Madrid,Historia de España,2020,sin_hallazgo_individual_no_certificado,,False,Inventario/estructura p5 y criba visual cabecera; alcance semántico por informe de área
81564bef5faa,Madrid,Matemáticas II,2021,sin_hallazgo_individual_no_certificado,,False,Inventario/estructura p5 y criba visual cabecera; alcance semántico por informe de área
8298a6121d59,Comunidad Valenciana,Física,2019,sin_hallazgo_individual_no_certificado,,False,Inventario/estructura p5 y criba visual cabecera; alcance semántico por informe de área
838c30ae94d8,Comunidad Valenciana,Lengua Castellana y Literatura II,2012,sin_hallazgo_individual_no_certificado,,False,Inventario/estructura p5 y criba visual cabecera; alcance semántico por informe de área
84c4013b5265,Madrid,Lengua Castellana y Literatura II,2023,sin_hallazgo_individual_no_certificado,,False,Inventario/estructura p5 y criba visual cabecera; alcance semántico por informe de área
85dac4a830fa,Madrid,Historia de la Filosofía,2019,sin_hallazgo_individual_no_certificado,,False,Inventario/estructura p5 y criba visual cabecera; alcance semántico por informe de área
86f7a5b9022d,Madrid,Lengua Castellana y Literatura II,2023,sin_hallazgo_individual_no_certificado,,False,Inventario/estructura p5 y criba visual cabecera; alcance semántico por informe de área
872e799df038,Madrid,Historia de España,2025,sin_hallazgo_individual_no_certificado,,False,Inventario/estructura p5 y criba visual cabecera; alcance semántico por informe de área
873535963f9d,Comunidad Valenciana,Historia de España,2017,sin_hallazgo_individual_no_certificado,,False,Inventario/estructura p5 y criba visual cabecera; alcance semántico por informe de área
89098e676403,Madrid,Historia de España,2023,sin_hallazgo_individual_no_certificado,,False,Inventario/estructura p5 y criba visual cabecera; alcance semántico por informe de área
894b8afeb2b8,Madrid,Lengua Castellana y Literatura II,2021,sin_hallazgo_individual_no_certificado,,False,Inventario/estructura p5 y criba visual cabecera; alcance semántico por informe de área
8a6f0c48cf59,Madrid,Lengua Castellana y Literatura II,2024,sin_hallazgo_individual_no_certificado,,False,Inventario/estructura p5 y criba visual cabecera; alcance semántico por informe de área
8ab0c6fffdcf,Comunidad Valenciana,Matemáticas II,2016,sin_hallazgo_individual_no_certificado,,False,Inventario/estructura p5 y criba visual cabecera; alcance semántico por informe de área
8d4709dd94fc,Madrid,Historia de España,2022,sin_hallazgo_individual_no_certificado,,False,Inventario/estructura p5 y criba visual cabecera; alcance semántico por informe de área
8daec23be074,Madrid,Cultura Audiovisual,2023,sin_hallazgo_individual_no_certificado,,False,Inventario/estructura p5 y criba visual cabecera; alcance semántico por informe de área
8f1700eef6e5,Comunidad Valenciana,Historia de España,2016,sin_hallazgo_individual_no_certificado,,False,Inventario/estructura p5 y criba visual cabecera; alcance semántico por informe de área
9079cba0f003,Comunidad Valenciana,Historia de España,2025,sin_hallazgo_individual_no_certificado,,False,Inventario/estructura p5 y criba visual cabecera; alcance semántico por informe de área
907fb92539f2,Comunidad Valenciana,Lengua Castellana y Literatura II,2017,sin_hallazgo_individual_no_certificado,,False,Inventario/estructura p5 y criba visual cabecera; alcance semántico por informe de área
90a0459332b9,Madrid,Historia de España,2026,sin_hallazgo_individual_no_certificado,,False,Inventario/estructura p5 y criba visual cabecera; alcance semántico por informe de área
90dce8c112ac,Madrid,Historia de España,2023,sin_hallazgo_individual_no_certificado,,False,Inventario/estructura p5 y criba visual cabecera; alcance semántico por informe de área
91449450587c,Comunidad Valenciana,Física,2025,sin_hallazgo_individual_no_certificado,,False,Inventario/estructura p5 y criba visual cabecera; alcance semántico por informe de área
929807ad22eb,Comunidad Valenciana,Lengua Castellana y Literatura II,2022,sin_hallazgo_individual_no_certificado,,False,Inventario/estructura p5 y criba visual cabecera; alcance semántico por informe de área
930487e13b75,Comunidad Valenciana,Historia de España,2025,sin_hallazgo_individual_no_certificado,,False,Inventario/estructura p5 y criba visual cabecera; alcance semántico por informe de área
933b666312f9,Madrid,Geografía,2019,sin_hallazgo_individual_no_certificado,,False,Inventario/estructura p5 y criba visual cabecera; alcance semántico por informe de área
93dc23ff9203,Comunidad Valenciana,Historia de España,2023,sin_hallazgo_individual_no_certificado,,False,Inventario/estructura p5 y criba visual cabecera; alcance semántico por informe de área
942b1778f510,Comunidad Valenciana,Lengua Castellana y Literatura II,2018,sin_hallazgo_individual_no_certificado,,False,Inventario/estructura p5 y criba visual cabecera; alcance semántico por informe de área
9467e9ab2b2f,Madrid,Lengua Castellana y Literatura II,2024,sin_hallazgo_individual_no_certificado,,False,Inventario/estructura p5 y criba visual cabecera; alcance semántico por informe de área
956df9272cca,Comunidad Valenciana,Matemáticas II,2017,sin_hallazgo_individual_no_certificado,,False,Inventario/estructura p5 y criba visual cabecera; alcance semántico por informe de área
98dbad03a155,Comunidad Valenciana,Historia de España,2026,sin_hallazgo_individual_no_certificado,,False,Inventario/estructura p5 y criba visual cabecera; alcance semántico por informe de área
98f921b58193,Comunidad Valenciana,Historia de España,2011,sin_hallazgo_individual_no_certificado,,False,Inventario/estructura p5 y criba visual cabecera; alcance semántico por informe de área
9a5ffea388d0,Madrid,Historia de España,2025,sin_hallazgo_individual_no_certificado,,False,Inventario/estructura p5 y criba visual cabecera; alcance semántico por informe de área
9c232efc4ff3,Madrid,Historia de España,2024,sin_hallazgo_individual_no_certificado,,False,Inventario/estructura p5 y criba visual cabecera; alcance semántico por informe de área
9c4cbc92103b,Madrid,Francés,2025,con_observaciones,"PREG-10,RUB-002,FIG-05",False,Inventario/estructura p5 y criba visual cabecera; alcance semántico por informe de área
9c694c304495,Comunidad Valenciana,Lengua Castellana y Literatura II,2026,sin_hallazgo_individual_no_certificado,,False,Inventario/estructura p5 y criba visual cabecera; alcance semántico por informe de área
9c6c1758e986,Madrid,Matemáticas II,2022,sin_hallazgo_individual_no_certificado,,False,Inventario/estructura p5 y criba visual cabecera; alcance semántico por informe de área
9d2c2caffedb,Madrid,Matemáticas II,2023,sin_hallazgo_individual_no_certificado,,False,Inventario/estructura p5 y criba visual cabecera; alcance semántico por informe de área
9d70af4a5d41,Madrid,Lengua Castellana y Literatura II,2026,sin_hallazgo_individual_no_certificado,,False,Inventario/estructura p5 y criba visual cabecera; alcance semántico por informe de área
9e8570ee562e,País Vasco,Matemáticas II,2021,sin_hallazgo_individual_no_certificado,,False,Inventario/estructura p5 y criba visual cabecera; alcance semántico por informe de área
a05dd314b1f2,Madrid,Literatura Dramática,2026,sin_hallazgo_individual_no_certificado,,False,Inventario/estructura p5 y criba visual cabecera; alcance semántico por informe de área
a0e4c2414f7c,Comunidad Valenciana,Lengua Castellana y Literatura II,2026,sin_hallazgo_individual_no_certificado,,False,Inventario/estructura p5 y criba visual cabecera; alcance semántico por informe de área
a1bdfb201724,Comunidad Valenciana,Lengua Castellana y Literatura II,2010,sin_hallazgo_individual_no_certificado,,False,Inventario/estructura p5 y criba visual cabecera; alcance semántico por informe de área
a25ae1a53c4f,Madrid,Historia de España,2022,con_observaciones,PREG-07,False,Inventario/estructura p5 y criba visual cabecera; alcance semántico por informe de área
a2af56a74785,País Vasco,Geología y Ciencias Ambientales,2026,sin_hallazgo_individual_no_certificado,,False,Inventario/estructura p5 y criba visual cabecera; alcance semántico por informe de área
a46252664577,Madrid,Historia de España,2020,sin_hallazgo_individual_no_certificado,,False,Inventario/estructura p5 y criba visual cabecera; alcance semántico por informe de área
a48e0ad45b08,Comunidad Valenciana,Lengua Castellana y Literatura II,2020,sin_hallazgo_individual_no_certificado,,False,Inventario/estructura p5 y criba visual cabecera; alcance semántico por informe de área
a64fafe8c661,Comunidad Valenciana,Historia de España,2014,sin_hallazgo_individual_no_certificado,,False,Inventario/estructura p5 y criba visual cabecera; alcance semántico por informe de área
a657e3b0b744,Comunidad Valenciana,Lengua Castellana y Literatura II,2025,sin_hallazgo_individual_no_certificado,,False,Inventario/estructura p5 y criba visual cabecera; alcance semántico por informe de área
a776d935bdc1,Madrid,Historia de España,2022,sin_hallazgo_individual_no_certificado,,False,Inventario/estructura p5 y criba visual cabecera; alcance semántico por informe de área
a91229e62578,Comunidad Valenciana,Fundamentos Artísticos,2026,sin_hallazgo_individual_no_certificado,,False,Inventario/estructura p5 y criba visual cabecera; alcance semántico por informe de área
a95cacf9e10e,Comunidad Valenciana,Historia de la Filosofía,2021,sin_hallazgo_individual_no_certificado,,False,Inventario/estructura p5 y criba visual cabecera; alcance semántico por informe de área
aa5655e3b9e2,Madrid,Historia de España,2025,sin_hallazgo_individual_no_certificado,,False,Inventario/estructura p5 y criba visual cabecera; alcance semántico por informe de área
aac3495c1069,Madrid,Historia de España,2020,sin_hallazgo_individual_no_certificado,,False,Inventario/estructura p5 y criba visual cabecera; alcance semántico por informe de área
ab690a84e30c,Comunidad Valenciana,Inglés,2018,con_observaciones,RUB-004,False,Inventario/estructura p5 y criba visual cabecera; alcance semántico por informe de área
ac1e68a880cb,Madrid,Lengua Castellana y Literatura II,2026,sin_hallazgo_individual_no_certificado,,False,Inventario/estructura p5 y criba visual cabecera; alcance semántico por informe de área
acbda9a58213,Comunidad Valenciana,Matemáticas Aplicadas a las CCSS II,2022,sin_hallazgo_individual_no_certificado,,False,Inventario/estructura p5 y criba visual cabecera; alcance semántico por informe de área
ad5e5f0a2ac6,Madrid,Historia de España,2026,sin_hallazgo_individual_no_certificado,,False,Inventario/estructura p5 y criba visual cabecera; alcance semántico por informe de área
af54b4044118,Comunidad Valenciana,Lengua Castellana y Literatura II,2013,sin_hallazgo_individual_no_certificado,,False,Inventario/estructura p5 y criba visual cabecera; alcance semántico por informe de área
aff3651802a6,Madrid,Lengua Castellana y Literatura II,2023,sin_hallazgo_individual_no_certificado,,False,Inventario/estructura p5 y criba visual cabecera; alcance semántico por informe de área
b2350f7349fb,Comunidad Valenciana,Lengua Castellana y Literatura II,2014,sin_hallazgo_individual_no_certificado,,False,Inventario/estructura p5 y criba visual cabecera; alcance semántico por informe de área
b318836e0ed7,Madrid,Lengua Castellana y Literatura II,2022,sin_hallazgo_individual_no_certificado,,False,Inventario/estructura p5 y criba visual cabecera; alcance semántico por informe de área
b33ba5342851,Madrid,Historia de España,2022,sin_hallazgo_individual_no_certificado,,False,Inventario/estructura p5 y criba visual cabecera; alcance semántico por informe de área
b33f8ac01792,Madrid,Matemáticas II,2021,sin_hallazgo_individual_no_certificado,,False,Inventario/estructura p5 y criba visual cabecera; alcance semántico por informe de área
b3ab481497c0,Comunidad Valenciana,Historia de España,2012,sin_hallazgo_individual_no_certificado,,False,Inventario/estructura p5 y criba visual cabecera; alcance semántico por informe de área
b5604273f1c3,Madrid,Matemáticas II,2022,sin_hallazgo_individual_no_certificado,,False,Inventario/estructura p5 y criba visual cabecera; alcance semántico por informe de área
b5ab08876761,Comunidad Valenciana,Historia de España,2019,sin_hallazgo_individual_no_certificado,,False,Inventario/estructura p5 y criba visual cabecera; alcance semántico por informe de área
b5cd88c6008c,Comunidad Valenciana,Matemáticas II,2013,sin_hallazgo_individual_no_certificado,,False,Inventario/estructura p5 y criba visual cabecera; alcance semántico por informe de área
b70554fe0f17,Madrid,Lengua Castellana y Literatura II,2021,sin_hallazgo_individual_no_certificado,,False,Inventario/estructura p5 y criba visual cabecera; alcance semántico por informe de área
b7806bfd43fe,Madrid,Historia de España,2025,sin_hallazgo_individual_no_certificado,,False,Inventario/estructura p5 y criba visual cabecera; alcance semántico por informe de área
b8bc434a54f5,Comunidad Valenciana,Historia de España,2011,sin_hallazgo_individual_no_certificado,,False,Inventario/estructura p5 y criba visual cabecera; alcance semántico por informe de área
b8fa0d73f649,Comunidad Valenciana,Matemáticas II,2021,sin_hallazgo_individual_no_certificado,,False,Inventario/estructura p5 y criba visual cabecera; alcance semántico por informe de área
b996e7795739,Comunidad Valenciana,Lengua Castellana y Literatura II,2025,con_observaciones,RUB-007,False,Inventario/estructura p5 y criba visual cabecera; alcance semántico por informe de área
b9c4b6fda9fd,Comunidad Valenciana,Lengua Castellana y Literatura II,2026,sin_hallazgo_individual_no_certificado,,False,Inventario/estructura p5 y criba visual cabecera; alcance semántico por informe de área
bbe9725b0e0f,Madrid,Matemáticas II,2025,sin_hallazgo_individual_no_certificado,,False,Inventario/estructura p5 y criba visual cabecera; alcance semántico por informe de área
bd13236e87fb,Madrid,Lengua Castellana y Literatura II,2022,sin_hallazgo_individual_no_certificado,,False,Inventario/estructura p5 y criba visual cabecera; alcance semántico por informe de área
be1849698853,Madrid,Diseño,2023,sin_hallazgo_individual_no_certificado,,False,Inventario/estructura p5 y criba visual cabecera; alcance semántico por informe de área
be3eae38d7a8,Madrid,Historia de España,2020,sin_hallazgo_individual_no_certificado,,False,Inventario/estructura p5 y criba visual cabecera; alcance semántico por informe de área
c09cb7258334,Madrid,Historia de España,2022,sin_hallazgo_individual_no_certificado,,False,Inventario/estructura p5 y criba visual cabecera; alcance semántico por informe de área
c159097f9120,Comunidad Valenciana,Lengua Castellana y Literatura II,2025,sin_hallazgo_individual_no_certificado,,False,Inventario/estructura p5 y criba visual cabecera; alcance semántico por informe de área
c18e08692807,Comunidad Valenciana,Lengua Castellana y Literatura II,2016,sin_hallazgo_individual_no_certificado,,False,Inventario/estructura p5 y criba visual cabecera; alcance semántico por informe de área
c1d9f1b76c4c,Madrid,Lengua Castellana y Literatura II,2022,sin_hallazgo_individual_no_certificado,,False,Inventario/estructura p5 y criba visual cabecera; alcance semántico por informe de área
c1e0cd9998cb,Madrid,Italiano,2021,sin_hallazgo_individual_no_certificado,,False,Inventario/estructura p5 y criba visual cabecera; alcance semántico por informe de área
c2e6925690c1,Comunidad Valenciana,Matemáticas II,2017,sin_hallazgo_individual_no_certificado,,False,Inventario/estructura p5 y criba visual cabecera; alcance semántico por informe de área
c422fff5f7b9,Madrid,Historia de España,2021,sin_hallazgo_individual_no_certificado,,False,Inventario/estructura p5 y criba visual cabecera; alcance semántico por informe de área
c84489a2b62f,Madrid,Lengua Castellana y Literatura II,2021,sin_hallazgo_individual_no_certificado,,False,Inventario/estructura p5 y criba visual cabecera; alcance semántico por informe de área
c84f682ed0b2,Madrid,Historia de España,2018,sin_hallazgo_individual_no_certificado,,False,Inventario/estructura p5 y criba visual cabecera; alcance semántico por informe de área
c85cd1758e28,Comunidad Valenciana,Matemáticas II,2013,sin_hallazgo_individual_no_certificado,,False,Inventario/estructura p5 y criba visual cabecera; alcance semántico por informe de área
cab36a516c34,Comunidad Valenciana,Historia de España,2010,sin_hallazgo_individual_no_certificado,,False,Inventario/estructura p5 y criba visual cabecera; alcance semántico por informe de área
cb74892cb60e,Madrid,Matemáticas II,2024,sin_hallazgo_individual_no_certificado,,False,Inventario/estructura p5 y criba visual cabecera; alcance semántico por informe de área
cb9d8c2c12d7,Comunidad Valenciana,Lengua Castellana y Literatura II,2010,con_observaciones,META-03,False,Inventario/estructura p5 y criba visual cabecera; alcance semántico por informe de área
cbf947ff0c0c,Comunidad Valenciana,Geología y Ciencias Ambientales,2022,sin_hallazgo_individual_no_certificado,,False,Inventario/estructura p5 y criba visual cabecera; alcance semántico por informe de área
cc4ce021beb2,Madrid,Historia de España,2024,sin_hallazgo_individual_no_certificado,,False,Inventario/estructura p5 y criba visual cabecera; alcance semántico por informe de área
cd011dfc3111,Comunidad Valenciana,Historia de España,2018,sin_hallazgo_individual_no_certificado,,False,Inventario/estructura p5 y criba visual cabecera; alcance semántico por informe de área
cdd0f4f759e1,Comunidad Valenciana,Historia de España,2026,con_observaciones,RUB-010,False,Inventario/estructura p5 y criba visual cabecera; alcance semántico por informe de área
ce17d1837c64,País Vasco,Literatura Universal,2013,sin_hallazgo_individual_no_certificado,,False,Inventario/estructura p5 y criba visual cabecera; alcance semántico por informe de área
ce6f09d504dc,Madrid,Historia de España,2020,sin_hallazgo_individual_no_certificado,,False,Inventario/estructura p5 y criba visual cabecera; alcance semántico por informe de área
cf8f175f86e7,País Vasco,Movimientos Culturales y Artísticos,2024,sin_hallazgo_individual_no_certificado,,False,Inventario/estructura p5 y criba visual cabecera; alcance semántico por informe de área
d0639c51e9f8,Madrid,Lengua Castellana y Literatura II,2020,sin_hallazgo_individual_no_certificado,,False,Inventario/estructura p5 y criba visual cabecera; alcance semántico por informe de área
d0cb552cbd36,Madrid,Historia de España,2021,sin_hallazgo_individual_no_certificado,,False,Inventario/estructura p5 y criba visual cabecera; alcance semántico por informe de área
d1e0bad7ac24,Comunidad Valenciana,Historia de España,2015,sin_hallazgo_individual_no_certificado,,False,Inventario/estructura p5 y criba visual cabecera; alcance semántico por informe de área
d33db3386e53,Comunidad Valenciana,Lengua Castellana y Literatura II,2018,sin_hallazgo_individual_no_certificado,,False,Inventario/estructura p5 y criba visual cabecera; alcance semántico por informe de área
d38f6dafa9bd,Madrid,Lengua Castellana y Literatura II,2024,sin_hallazgo_individual_no_certificado,,False,Inventario/estructura p5 y criba visual cabecera; alcance semántico por informe de área
d487a226ab90,Madrid,Historia de España,2024,sin_hallazgo_individual_no_certificado,,False,Inventario/estructura p5 y criba visual cabecera; alcance semántico por informe de área
d54d5d841933,Comunidad Valenciana,Lengua Castellana y Literatura II,2019,con_observaciones,PREG-08,False,Inventario/estructura p5 y criba visual cabecera; alcance semántico por informe de área
d5bb406de29e,Madrid,Historia de España,2021,sin_hallazgo_individual_no_certificado,,False,Inventario/estructura p5 y criba visual cabecera; alcance semántico por informe de área
d779a6b74aba,Comunidad Valenciana,Historia de España,2013,sin_hallazgo_individual_no_certificado,,False,Inventario/estructura p5 y criba visual cabecera; alcance semántico por informe de área
d8d3b89285b6,Comunidad Valenciana,Lengua Castellana y Literatura II,2014,sin_hallazgo_individual_no_certificado,,False,Inventario/estructura p5 y criba visual cabecera; alcance semántico por informe de área
db08dd7416d3,Comunidad Valenciana,Lengua Castellana y Literatura II,2024,sin_hallazgo_individual_no_certificado,,False,Inventario/estructura p5 y criba visual cabecera; alcance semántico por informe de área
dfa70105641a,Comunidad Valenciana,Lengua Castellana y Literatura II,2021,sin_hallazgo_individual_no_certificado,,False,Inventario/estructura p5 y criba visual cabecera; alcance semántico por informe de área
dff10bd824da,Madrid,Matemáticas II,2025,sin_hallazgo_individual_no_certificado,,False,Inventario/estructura p5 y criba visual cabecera; alcance semántico por informe de área
e181c850e8ce,Madrid,Matemáticas II,2024,sin_hallazgo_individual_no_certificado,,False,Inventario/estructura p5 y criba visual cabecera; alcance semántico por informe de área
e1f43a3363d4,Comunidad Valenciana,Economía de la Empresa,2024,sin_hallazgo_individual_no_certificado,,False,Inventario/estructura p5 y criba visual cabecera; alcance semántico por informe de área
e20bc6ac4790,Madrid,Lengua Castellana y Literatura II,2020,sin_hallazgo_individual_no_certificado,,False,Inventario/estructura p5 y criba visual cabecera; alcance semántico por informe de área
e2595a3b7e0d,Comunidad Valenciana,Matemáticas II,2023,sin_hallazgo_individual_no_certificado,,False,Inventario/estructura p5 y criba visual cabecera; alcance semántico por informe de área
e28ef720b913,Madrid,Matemáticas II,2022,sin_hallazgo_individual_no_certificado,,False,Inventario/estructura p5 y criba visual cabecera; alcance semántico por informe de área
e300944f0ec3,Comunidad Valenciana,Geografía,2021,sin_hallazgo_individual_no_certificado,,False,Inventario/estructura p5 y criba visual cabecera; alcance semántico por informe de área
e3b38fbda57d,Comunidad Valenciana,Historia de España,2022,sin_hallazgo_individual_no_certificado,,False,Inventario/estructura p5 y criba visual cabecera; alcance semántico por informe de área
e71581fd27e5,Madrid,Matemáticas II,2020,sin_hallazgo_individual_no_certificado,,False,Inventario/estructura p5 y criba visual cabecera; alcance semántico por informe de área
e731338592c5,Comunidad Valenciana,Geografía,2025,sin_hallazgo_individual_no_certificado,,False,Inventario/estructura p5 y criba visual cabecera; alcance semántico por informe de área
e734936a32d3,Comunidad Valenciana,Matemáticas II,2025,sin_hallazgo_individual_no_certificado,,False,Inventario/estructura p5 y criba visual cabecera; alcance semántico por informe de área
e762bb621d48,Madrid,Matemáticas II,2025,sin_hallazgo_individual_no_certificado,,False,Inventario/estructura p5 y criba visual cabecera; alcance semántico por informe de área
e7907173dac8,Comunidad Valenciana,Valenciano,2026,sin_hallazgo_individual_no_certificado,,False,Inventario/estructura p5 y criba visual cabecera; alcance semántico por informe de área
e880b6f47a91,Madrid,Lengua Castellana y Literatura II,2025,sin_hallazgo_individual_no_certificado,,False,Inventario/estructura p5 y criba visual cabecera; alcance semántico por informe de área
e887d3851c95,Madrid,Matemáticas II,2026,sin_hallazgo_individual_no_certificado,,False,Inventario/estructura p5 y criba visual cabecera; alcance semántico por informe de área
e901e02fbd0a,Madrid,Matemáticas II,2020,sin_hallazgo_individual_no_certificado,,False,Inventario/estructura p5 y criba visual cabecera; alcance semántico por informe de área
e921bcde8ddb,Comunidad Valenciana,Matemáticas II,2016,sin_hallazgo_individual_no_certificado,,False,Inventario/estructura p5 y criba visual cabecera; alcance semántico por informe de área
e96e07529cae,Comunidad Valenciana,Matemáticas II,2024,sin_hallazgo_individual_no_certificado,,False,Inventario/estructura p5 y criba visual cabecera; alcance semántico por informe de área
eb1d77ddf433,Comunidad Valenciana,Lengua Castellana y Literatura II,2023,sin_hallazgo_individual_no_certificado,,False,Inventario/estructura p5 y criba visual cabecera; alcance semántico por informe de área
ed03ea4e6cf8,Madrid,Artes Escénicas II,2020,con_observaciones,PREG-03,False,Inventario/estructura p5 y criba visual cabecera; alcance semántico por informe de área
ed9f75746f60,Comunidad Valenciana,Matemáticas II,2023,sin_hallazgo_individual_no_certificado,,False,Inventario/estructura p5 y criba visual cabecera; alcance semántico por informe de área
f14d74605043,Madrid,Matemáticas II,2020,sin_hallazgo_individual_no_certificado,,False,Inventario/estructura p5 y criba visual cabecera; alcance semántico por informe de área
f4aa680c156d,Madrid,Lengua Castellana y Literatura II,2024,sin_hallazgo_individual_no_certificado,,False,Inventario/estructura p5 y criba visual cabecera; alcance semántico por informe de área
f5a8aadc050b,Comunidad Valenciana,Matemáticas Aplicadas a las CCSS II,2017,sin_hallazgo_individual_no_certificado,,False,Inventario/estructura p5 y criba visual cabecera; alcance semántico por informe de área
f6ae3b95185b,Comunidad Valenciana,Matemáticas II,2021,sin_hallazgo_individual_no_certificado,,False,Inventario/estructura p5 y criba visual cabecera; alcance semántico por informe de área
f7ba90e6218e,Madrid,Historia de España,2022,sin_hallazgo_individual_no_certificado,,False,Inventario/estructura p5 y criba visual cabecera; alcance semántico por informe de área
f88f210f0efc,Madrid,Historia de España,2019,sin_hallazgo_individual_no_certificado,,False,Inventario/estructura p5 y criba visual cabecera; alcance semántico por informe de área
f924b77166cd,Madrid,Historia de España,2026,sin_hallazgo_individual_no_certificado,,False,Inventario/estructura p5 y criba visual cabecera; alcance semántico por informe de área
fa08351c342d,Madrid,Historia de España,2024,sin_hallazgo_individual_no_certificado,,False,Inventario/estructura p5 y criba visual cabecera; alcance semántico por informe de área
fae5d170fbef,Madrid,Historia de España,2026,sin_hallazgo_individual_no_certificado,,False,Inventario/estructura p5 y criba visual cabecera; alcance semántico por informe de área
fb159fb1bc3a,Madrid,Lengua Castellana y Literatura II,2019,sin_hallazgo_individual_no_certificado,,False,Inventario/estructura p5 y criba visual cabecera; alcance semántico por informe de área
fb33d4fddeab,Madrid,Griego II,2024,sin_hallazgo_individual_no_certificado,,False,Inventario/estructura p5 y criba visual cabecera; alcance semántico por informe de área
fb49d9b64ac1,Madrid,Lengua Castellana y Literatura II,2025,sin_hallazgo_individual_no_certificado,,False,Inventario/estructura p5 y criba visual cabecera; alcance semántico por informe de área
fda5ea13b6c5,Comunidad Valenciana,Ciencias de la Tierra y Medioambientales,2013,con_observaciones,PREG-02,False,Inventario/estructura p5 y criba visual cabecera; alcance semántico por informe de área
fdd6ca513f80,Comunidad Valenciana,Dibujo Técnico II,2026,con_observaciones,FIG-03,False,Inventario/estructura p5 y criba visual cabecera; alcance semántico por informe de área
