documento,estado,hallazgos_graves,hallazgos_leves,reglas
012555da3d70,pendiente_revision,12,0,campo-alterado
01808acbd270,pendiente_revision,24,0,campo-alterado
03364198c8fb,pendiente_revision,24,0,campo-alterado|rubrica-sin-nodo
053608cf06ee,pendiente_revision,22,0,apartado-fuera-de-pregunta|campo-alterado|contexto-omitido|nodo-omitido
0698620afa36,pendiente_revision,18,0,campo-alterado
070c3795d83c,pendiente_revision,8,0,campo-alterado
0743849de2d6,pendiente_revision,19,0,campo-alterado
08621369dc34,pendiente_revision,18,0,campo-alterado
09fa045004f2,pendiente_revision,10,0,campo-alterado
09feb8541d90,pendiente_revision,10,0,campo-alterado
0a50595f8036,pendiente_revision,6,0,campo-alterado
0ac57a998ad1,pendiente_revision,16,0,campo-alterado
0b7e227a5499,pendiente_revision,11,0,campo-alterado|eleccion-hijos-distintos
0bed555f767c,pendiente_revision,24,0,campo-alterado
0d5e5806192a,pendiente_revision,20,0,campo-alterado
0fedaac3fe5f,pendiente_revision,22,0,apartado-fuera-de-pregunta|campo-alterado|contexto-omitido|nodo-omitido
114bff1bacb1,pendiente_revision,28,0,campo-alterado
12d25f00833d,pendiente_revision,12,0,campo-alterado
13244a0fa596,pendiente_revision,32,0,campo-alterado
16d0161b5c29,pendiente_revision,10,0,campo-alterado
16eb4becf2b2,controles_superados,0,0,
172579fa76d4,pendiente_revision,48,0,campo-alterado
17445f0ab770,pendiente_revision,20,0,campo-alterado
184bfaad518f,pendiente_revision,16,0,campo-alterado
19e1e026fa90,pendiente_revision,12,0,campo-alterado|figura-sin-imagen
1a86b8a6273d,pendiente_revision,28,0,campo-alterado
1b0c55921d01,pendiente_revision,10,0,campo-alterado
1bc800a06e3b,pendiente_revision,16,0,campo-alterado
1d26a968086e,pendiente_revision,32,0,campo-alterado
1f06fc98f001,pendiente_revision,20,0,campo-alterado
208b83b7e460,pendiente_revision,28,0,campo-alterado
20f477248bf5,pendiente_revision,28,0,campo-alterado
215c4577b13a,pendiente_revision,33,0,campo-alterado|eleccion-hijos-distintos
224e5e634fab,pendiente_revision,20,0,campo-alterado
2290f27c0d9c,pendiente_revision,16,0,campo-alterado
2422938d704e,pendiente_revision,17,0,campo-alterado|pregunta-dentro-de-pregunta
244a2772cd9c,pendiente_revision,32,0,campo-alterado
25fcf7208b8f,pendiente_revision,16,0,campo-alterado
26b80e1966f5,pendiente_revision,44,0,campo-alterado
2787fc4d640f,pendiente_revision,21,0,campo-alterado|enunciado-vacio
28f5e820a133,pendiente_revision,39,0,apartado-fuera-de-pregunta|campo-alterado|contexto-omitido|nodo-omitido
297407c89a0a,pendiente_revision,12,0,campo-alterado
2b2153c3b2ce,pendiente_revision,28,0,campo-alterado
2d573323997e,pendiente_revision,13,0,campo-alterado
2d925fa916b9,pendiente_revision,16,0,campo-alterado
2e1486f4d824,pendiente_revision,20,0,campo-alterado
2f32a4ccbaab,pendiente_revision,16,0,campo-alterado
2f3ff3e8cb8c,pendiente_revision,16,0,campo-alterado
3068d1110070,pendiente_revision,16,0,campo-alterado|figura-sin-imagen|recorte-con-problemas
317634da39e8,pendiente_revision,19,0,campo-alterado
32384d10aa13,pendiente_revision,44,0,campo-alterado
32e15229d4e3,controles_superados,0,0,
334e3227bf82,pendiente_revision,21,0,apartado-fuera-de-pregunta|campo-alterado|contexto-omitido|nodo-omitido|solucion-sin-nodo
3469f9a1dc3e,controles_superados,0,0,
36ac1674aa0b,pendiente_revision,16,0,campo-alterado
37d3ea174a4a,pendiente_revision,21,0,campo-alterado
387b76d59962,pendiente_revision,16,0,campo-alterado
389c79bb683d,pendiente_revision,17,0,apartado-fuera-de-pregunta|campo-alterado|contexto-omitido|nodo-omitido
3999e499d821,pendiente_revision,6,0,campo-alterado
3ad09f75385c,pendiente_revision,20,0,campo-alterado
3c134e1125e6,pendiente_revision,11,0,campo-alterado
3e33052fedf6,pendiente_revision,16,0,campo-alterado
3e560f6e17a7,pendiente_revision,20,0,campo-alterado
4043dfadf4dd,pendiente_revision,44,0,campo-alterado
41369b24aea3,pendiente_revision,10,0,campo-alterado
41fdc1fe038d,pendiente_revision,7,0,apartado-fuera-de-pregunta|enunciado-vacio|nodo-omitido|rubrica-sin-nodo
423dd33e007e,pendiente_revision,13,0,campo-alterado
42576f6f84fc,pendiente_revision,26,0,campo-alterado|eleccion-hijos-distintos|rubrica-sin-nodo
42e04e11e8ed,controles_superados,0,0,
43cb911fd6fb,pendiente_revision,19,0,campo-alterado
43d8d44c5114,pendiente_revision,24,0,campo-alterado
45c44a65437e,pendiente_revision,44,0,campo-alterado
46a7525321b4,pendiente_revision,16,0,campo-alterado
47ffbcd1fca6,pendiente_revision,16,0,campo-alterado
488817140d92,controles_superados,0,0,
49e9ef3c3296,pendiente_revision,11,0,campo-alterado
4a7c96ae2912,pendiente_revision,28,0,campo-alterado|figura-sin-imagen|recorte-con-problemas
4a9b9f03ca14,pendiente_revision,16,0,campo-alterado
4afa0f0f8a54,pendiente_revision,40,0,campo-alterado|figura-sin-imagen|rubrica-sin-nodo
4dcc02e32509,pendiente_revision,28,0,campo-alterado
4e4bbca013d1,pendiente_revision,27,0,campo-alterado
4e703d87e493,controles_superados,0,0,
503de18296eb,pendiente_revision,12,0,campo-alterado
5091bd5d23ad,pendiente_revision,10,0,campo-alterado
52d217fa097d,pendiente_revision,21,0,campo-alterado
53bf68f29024,pendiente_revision,24,0,campo-alterado|rubrica-sin-nodo
54df7fdb158b,pendiente_revision,16,0,campo-alterado
56bd7dc00fe3,pendiente_revision,12,0,campo-alterado
56d8a75a668c,pendiente_revision,10,0,campo-alterado
570fa053e73a,pendiente_revision,16,0,campo-alterado
57c556902e6d,pendiente_revision,16,0,campo-alterado
57fdd40780e1,pendiente_revision,18,0,campo-alterado
5a168e605053,pendiente_revision,33,0,campo-alterado|eleccion-hijos-distintos
5ac286f9ac79,pendiente_revision,16,0,campo-alterado
5bf79e24ec75,pendiente_revision,20,0,campo-alterado
5e8b4ad65b41,pendiente_revision,32,0,campo-alterado
619d7c4c0d6d,pendiente_revision,18,0,campo-alterado
61e34b1b42fa,pendiente_revision,10,0,campo-alterado
6286420bd955,pendiente_revision,28,0,campo-alterado
62b3755b8573,pendiente_revision,20,0,campo-alterado
6426459db740,pendiente_revision,33,0,campo-alterado|eleccion-hijos-distintos
6446ce8ed0cf,pendiente_revision,18,0,campo-alterado|rubrica-sin-nodo
64e2509df555,pendiente_revision,12,0,campo-alterado
659fff1375be,pendiente_revision,28,0,campo-alterado
6649ce9eecb2,pendiente_revision,10,0,campo-alterado
67eea232db63,pendiente_revision,12,0,campo-alterado
68febd0b4352,pendiente_revision,32,0,campo-alterado|rubrica-sin-nodo
698abffe77ea,pendiente_revision,12,0,campo-alterado
6a2a804ce68f,pendiente_revision,20,0,campo-alterado
6bfd1db9d487,pendiente_revision,20,0,campo-alterado
6e24013db05c,pendiente_revision,28,0,campo-alterado
7159ec231c04,pendiente_revision,16,0,campo-alterado
7241ab1f5341,pendiente_revision,16,0,campo-alterado
73126b12ba41,pendiente_revision,18,0,campo-alterado
7336bed75af4,controles_superados,0,0,
73d799a38839,pendiente_revision,31,0,campo-alterado|rubrica-sin-nodo
785105ac7ec2,pendiente_revision,20,0,campo-alterado
78f2610feda8,pendiente_revision,16,0,campo-alterado
794badfb1034,pendiente_revision,12,0,campo-alterado
79bbdbfe8cb1,pendiente_revision,28,0,campo-alterado
7a299e5b3671,pendiente_revision,28,0,campo-alterado
7a8748608425,controles_superados,0,0,
7e1bad7a80fd,pendiente_revision,13,0,campo-alterado
7f137014114d,pendiente_revision,32,0,campo-alterado
81564bef5faa,pendiente_revision,16,0,campo-alterado
8298a6121d59,pendiente_revision,6,0,campo-alterado
838c30ae94d8,pendiente_revision,22,0,apartado-fuera-de-pregunta|campo-alterado|contexto-omitido|nodo-omitido
84c4013b5265,pendiente_revision,28,0,campo-alterado
85dac4a830fa,pendiente_revision,16,0,campo-alterado
86f7a5b9022d,pendiente_revision,28,0,campo-alterado
872e799df038,pendiente_revision,20,0,campo-alterado
873535963f9d,controles_superados,0,0,
89098e676403,pendiente_revision,32,0,campo-alterado
894b8afeb2b8,pendiente_revision,28,0,campo-alterado
8a6f0c48cf59,pendiente_revision,28,0,campo-alterado
8ab0c6fffdcf,pendiente_revision,18,0,campo-alterado
8d4709dd94fc,pendiente_revision,32,0,campo-alterado
8daec23be074,pendiente_revision,20,0,campo-alterado
8f1700eef6e5,controles_superados,0,0,
9079cba0f003,pendiente_revision,6,0,campo-alterado
907fb92539f2,pendiente_revision,24,0,campo-alterado
90a0459332b9,pendiente_revision,32,0,apartado-fuera-de-pregunta|campo-alterado|contexto-omitido|nodo-omitido
90dce8c112ac,pendiente_revision,32,0,campo-alterado
91449450587c,pendiente_revision,21,0,campo-alterado
929807ad22eb,pendiente_revision,10,0,campo-alterado
930487e13b75,pendiente_revision,12,0,campo-alterado
933b666312f9,pendiente_revision,24,0,campo-alterado
93dc23ff9203,pendiente_revision,17,0,apartado-fuera-de-pregunta|campo-alterado|contexto-omitido|nodo-omitido
942b1778f510,pendiente_revision,16,0,campo-alterado
9467e9ab2b2f,pendiente_revision,28,0,campo-alterado
956df9272cca,pendiente_revision,18,0,campo-alterado
98dbad03a155,pendiente_revision,10,0,campo-alterado
98f921b58193,controles_superados,0,0,
9a5ffea388d0,pendiente_revision,26,0,campo-alterado
9c232efc4ff3,pendiente_revision,24,0,campo-alterado
9c4cbc92103b,pendiente_revision,24,0,campo-alterado|rubrica-sin-nodo
9c694c304495,pendiente_revision,34,0,campo-alterado|rubrica-sin-nodo
9c6c1758e986,pendiente_revision,16,0,campo-alterado
9d2c2caffedb,pendiente_revision,16,0,campo-alterado
9d70af4a5d41,pendiente_revision,21,0,campo-alterado
9e8570ee562e,pendiente_revision,31,0,campo-alterado|figura-sin-imagen
a05dd314b1f2,pendiente_revision,11,0,campo-alterado|rubrica-sin-nodo
a0e4c2414f7c,pendiente_revision,17,0,campo-alterado|rubrica-sin-nodo
a1bdfb201724,pendiente_revision,16,0,campo-alterado
a25ae1a53c4f,pendiente_revision,38,0,apartado-fuera-de-pregunta|campo-alterado|contexto-omitido|eleccion-hijos-distintos|nodo-omitido
a2af56a74785,pendiente_revision,41,2,campo-alterado|pagina-sin-idioma|rubrica-sin-nodo|version-linguistica-incompleta
a46252664577,pendiente_revision,32,0,campo-alterado
a48e0ad45b08,pendiente_revision,25,0,campo-alterado|rubrica-sin-nodo
a64fafe8c661,controles_superados,0,0,
a657e3b0b744,pendiente_revision,17,0,campo-alterado|rubrica-sin-nodo
a776d935bdc1,pendiente_revision,32,0,campo-alterado
a91229e62578,pendiente_revision,14,0,campo-alterado|figura-sin-imagen
a95cacf9e10e,pendiente_revision,32,0,campo-alterado
aa5655e3b9e2,pendiente_revision,25,0,campo-alterado
aac3495c1069,pendiente_revision,33,0,campo-alterado|eleccion-hijos-distintos
ab690a84e30c,pendiente_revision,11,0,campo-alterado|rubrica-sin-nodo
ac1e68a880cb,pendiente_revision,25,0,campo-alterado|eleccion-hijos-distintos
acbda9a58213,pendiente_revision,12,0,campo-alterado
ad5e5f0a2ac6,pendiente_revision,24,0,campo-alterado
af54b4044118,pendiente_revision,16,0,campo-alterado
aff3651802a6,pendiente_revision,28,0,campo-alterado
b2350f7349fb,pendiente_revision,16,0,campo-alterado
b318836e0ed7,pendiente_revision,28,0,campo-alterado
b33ba5342851,pendiente_revision,32,0,campo-alterado
b33f8ac01792,pendiente_revision,16,0,campo-alterado
b3ab481497c0,controles_superados,0,0,
b5604273f1c3,pendiente_revision,16,0,campo-alterado
b5ab08876761,controles_superados,0,0,
b5cd88c6008c,pendiente_revision,18,0,campo-alterado
b70554fe0f17,pendiente_revision,28,0,campo-alterado
b7806bfd43fe,pendiente_revision,24,0,campo-alterado
b8bc434a54f5,controles_superados,0,0,
b8fa0d73f649,pendiente_revision,12,0,campo-alterado
b996e7795739,pendiente_revision,39,0,apartado-fuera-de-pregunta|contexto-omitido|nodo-omitido|rubrica-sin-nodo
b9c4b6fda9fd,pendiente_revision,27,0,campo-alterado
bbe9725b0e0f,pendiente_revision,13,0,campo-alterado
bd13236e87fb,pendiente_revision,28,0,campo-alterado
be1849698853,pendiente_revision,20,0,campo-alterado
be3eae38d7a8,pendiente_revision,32,0,campo-alterado
c09cb7258334,pendiente_revision,32,0,campo-alterado
c159097f9120,pendiente_revision,9,0,campo-alterado
c18e08692807,pendiente_revision,18,0,campo-alterado|rubrica-sin-nodo
c1d9f1b76c4c,pendiente_revision,28,0,campo-alterado
c1e0cd9998cb,pendiente_revision,24,0,campo-alterado
c2e6925690c1,pendiente_revision,18,0,campo-alterado
c422fff5f7b9,pendiente_revision,32,0,campo-alterado
c84489a2b62f,pendiente_revision,28,0,campo-alterado
c84f682ed0b2,pendiente_revision,44,0,campo-alterado
c85cd1758e28,pendiente_revision,10,0,campo-alterado|eleccion-hijos-distintos
cab36a516c34,controles_superados,0,0,
cb74892cb60e,pendiente_revision,16,0,campo-alterado
cb9d8c2c12d7,pendiente_revision,16,0,campo-alterado
cbf947ff0c0c,pendiente_revision,40,0,campo-alterado
cc4ce021beb2,pendiente_revision,32,0,apartado-fuera-de-pregunta|campo-alterado|contexto-omitido|eleccion-hijos-distintos|nodo-omitido
cd011dfc3111,controles_superados,0,0,
cdd0f4f759e1,pendiente_revision,13,0,campo-alterado|rubrica-sin-nodo
ce17d1837c64,pendiente_revision,16,0,campo-alterado
ce6f09d504dc,pendiente_revision,36,0,campo-alterado
cf8f175f86e7,pendiente_revision,48,0,campo-alterado
d0639c51e9f8,pendiente_revision,28,0,campo-alterado
d0cb552cbd36,pendiente_revision,32,0,campo-alterado
d1e0bad7ac24,controles_superados,0,0,
d33db3386e53,pendiente_revision,20,0,campo-alterado
d38f6dafa9bd,pendiente_revision,28,0,campo-alterado
d487a226ab90,pendiente_revision,25,0,campo-alterado|eleccion-hijos-distintos
d54d5d841933,pendiente_revision,31,0,apartado-fuera-de-pregunta|campo-alterado|contexto-omitido|enunciado-vacio|nodo-omitido|rubrica-sin-nodo
d5bb406de29e,pendiente_revision,32,0,campo-alterado
d779a6b74aba,controles_superados,0,0,
d8d3b89285b6,pendiente_revision,16,0,campo-alterado
db08dd7416d3,pendiente_revision,12,0,campo-alterado
dfa70105641a,pendiente_revision,12,0,campo-alterado|rubrica-sin-nodo
dff10bd824da,pendiente_revision,13,0,campo-alterado
e181c850e8ce,pendiente_revision,16,0,campo-alterado
e1f43a3363d4,pendiente_revision,32,0,campo-alterado
e20bc6ac4790,pendiente_revision,28,0,campo-alterado
e2595a3b7e0d,pendiente_revision,16,0,campo-alterado
e28ef720b913,pendiente_revision,16,0,campo-alterado
e300944f0ec3,pendiente_revision,20,0,campo-alterado|figura-sin-imagen
e3b38fbda57d,pendiente_revision,10,0,campo-alterado
e71581fd27e5,pendiente_revision,16,0,campo-alterado
e731338592c5,pendiente_revision,10,0,campo-alterado
e734936a32d3,pendiente_revision,10,0,campo-alterado
e762bb621d48,pendiente_revision,13,0,campo-alterado
e7907173dac8,pendiente_revision,17,0,campo-alterado
e880b6f47a91,pendiente_revision,19,0,campo-alterado
e887d3851c95,pendiente_revision,12,0,campo-alterado
e901e02fbd0a,pendiente_revision,16,0,campo-alterado
e921bcde8ddb,pendiente_revision,18,0,campo-alterado
e96e07529cae,pendiente_revision,16,0,campo-alterado
eb1d77ddf433,pendiente_revision,23,0,campo-alterado
ed03ea4e6cf8,pendiente_revision,14,0,campo-alterado|eleccion-hijos-distintos
ed9f75746f60,pendiente_revision,16,0,campo-alterado
f14d74605043,pendiente_revision,16,0,campo-alterado
f4aa680c156d,pendiente_revision,28,0,campo-alterado
f5a8aadc050b,pendiente_revision,18,0,campo-alterado
f6ae3b95185b,pendiente_revision,12,0,campo-alterado
f7ba90e6218e,pendiente_revision,32,0,campo-alterado
f88f210f0efc,pendiente_revision,48,0,campo-alterado
f924b77166cd,pendiente_revision,24,0,campo-alterado
fa08351c342d,pendiente_revision,24,0,campo-alterado
fae5d170fbef,pendiente_revision,24,0,campo-alterado
fb159fb1bc3a,pendiente_revision,20,0,campo-alterado
fb33d4fddeab,pendiente_revision,28,2,campo-alterado|idioma-sin-textos|pagina-sin-idioma
fb49d9b64ac1,pendiente_revision,19,0,campo-alterado
fda5ea13b6c5,pendiente_revision,68,0,apartado-fuera-de-pregunta|campo-alterado|eleccion-hijos-distintos|nodo-omitido
fdd6ca513f80,pendiente_revision,8,0,campo-alterado
