id,asignatura,region,anio,convocatoria,preguntas_publicadas,nodos_publicados,nodos_con_rubrica,nodos_con_solucion,preguntas_con_ancla
012555da3d70,Historia del Arte,Comunidad Valenciana,2022,ordinaria,6,6,0,0,6
01808acbd270,Historia de España,Madrid,2024,extraordinaria,12,19,0,0,11
03364198c8fb,Francés,Madrid,2025,ordinaria,8,47,43,0,8
053608cf06ee,Lengua Castellana y Literatura II,Comunidad Valenciana,2013,extraordinaria,6,6,0,0,6
0698620afa36,Matemáticas II,Comunidad Valenciana,2018,extraordinaria,6,24,0,0,6
070c3795d83c,Técnicas de Expresión Gráfico-Plástica,País Vasco,2026,extraordinaria,4,11,9,0,4
0743849de2d6,Lengua Castellana y Literatura II,Madrid,2025,ordinaria,11,14,0,6,11
08621369dc34,Ciencias de la Tierra y Medioambientales,Comunidad Valenciana,2014,extraordinaria,6,30,0,0,6
09fa045004f2,Lengua Castellana y Literatura II,Comunidad Valenciana,2025,modelo,4,14,0,0,4
09feb8541d90,Historia de España,Comunidad Valenciana,2021,ordinaria,9,13,0,12,9
0a50595f8036,Dibujo Artístico II,Madrid,2026,ordinaria,2,6,2,0,0
0ac57a998ad1,Empresa y Diseño de Modelos de Negocio,Comunidad Valenciana,2015,ordinaria,16,27,0,0,16
0b7e227a5499,Matemáticas II,Madrid,2026,modelo,6,20,0,13,3
0bed555f767c,Italiano,Madrid,2018,extraordinaria,12,50,12,0,12
0d5e5806192a,Lengua Castellana y Literatura II,Madrid,2019,extraordinaria,10,24,0,0,10
0fedaac3fe5f,Lengua Castellana y Literatura II,Comunidad Valenciana,2011,extraordinaria,6,6,0,0,6
114bff1bacb1,Lengua Castellana y Literatura II,Madrid,2023,ordinaria,14,20,0,8,14
12d25f00833d,Matemáticas II,Comunidad Valenciana,2022,extraordinaria,6,21,0,0,6
13244a0fa596,Historia de España,Madrid,2021,extraordinaria,16,23,0,0,16
16d0161b5c29,Historia de España,Comunidad Valenciana,2020,ordinaria,9,13,0,12,8
16eb4becf2b2,Historia de España,Comunidad Valenciana,2014,extraordinaria,8,12,11,0,8
172579fa76d4,Historia de la Filosofía,País Vasco,2021,extraordinaria,24,32,28,0,24
17445f0ab770,Química,Comunidad Valenciana,2023,ordinaria,10,46,0,0,0
184bfaad518f,Matemáticas II,Madrid,2019,modelo,8,29,0,9,8
19e1e026fa90,Matemáticas II,Comunidad Valenciana,2025,ordinaria,4,30,0,0,4
1a86b8a6273d,Lengua Castellana y Literatura II,Madrid,2020,ordinaria,14,20,0,0,14
1b0c55921d01,Historia de España,Comunidad Valenciana,2022,ordinaria,9,13,0,12,8
1bc800a06e3b,Matemáticas II,Madrid,2021,ordinaria,8,26,0,20,8
1d26a968086e,Historia de España,Madrid,2023,extraordinaria,16,23,0,0,15
1f06fc98f001,Física,Madrid,2018,ordinaria,10,30,0,0,0
208b83b7e460,Lengua Castellana y Literatura II,Comunidad Valenciana,2017,ordinaria,12,12,0,0,12
20f477248bf5,Lengua Castellana y Literatura II,Madrid,2021,ordinaria,14,20,0,0,14
215c4577b13a,Historia de España,Madrid,2023,extraordinaria,16,23,0,0,16
224e5e634fab,Lengua Castellana y Literatura II,Madrid,2018,extraordinaria,10,24,0,0,10
2290f27c0d9c,Matemáticas II,Madrid,2018,ordinaria,8,27,0,0,8
2422938d704e,Biología,Comunidad Valenciana,2022,extraordinaria,8,86,0,0,8
244a2772cd9c,Historia de España,Madrid,2023,modelo,16,23,0,0,16
25fcf7208b8f,Matemáticas II,Madrid,2022,ordinaria,8,28,0,21,8
26b80e1966f5,Historia de España,Madrid,2019,ordinaria,16,19,0,0,16
2787fc4d640f,Química,Madrid,2019,modelo,10,44,44,34,9
28f5e820a133,Historia de España,Madrid,2020,extraordinaria,14,17,0,0,14
297407c89a0a,Matemáticas II,Madrid,2026,extraordinaria,7,17,0,0,4
2b2153c3b2ce,Lengua Castellana y Literatura II,Madrid,2021,ordinaria,14,20,0,0,14
2d573323997e,Matemáticas II,Madrid,2025,extraordinaria,7,21,0,0,5
2d925fa916b9,Matemáticas II,Madrid,2023,ordinaria,8,26,0,0,8
2e1486f4d824,Inglés,Comunidad Valenciana,2022,ordinaria,10,34,28,0,10
2f32a4ccbaab,Matemáticas II,Madrid,2018,extraordinaria,8,28,0,0,8
2f3ff3e8cb8c,Matemáticas II,Madrid,2019,extraordinaria,8,28,0,0,8
3068d1110070,Análisis Musical II,País Vasco,2011,extraordinaria,4,16,0,0,4
317634da39e8,Lengua Castellana y Literatura II,Madrid,2025,extraordinaria,11,14,0,0,11
32384d10aa13,Historia de España,Madrid,2018,modelo,16,18,0,16,16
32e15229d4e3,Historia de España,Comunidad Valenciana,2015,ordinaria,8,12,12,0,8
334e3227bf82,Historia de España,Comunidad Valenciana,2023,extraordinaria,8,8,0,8,8
3469f9a1dc3e,Historia de España,Comunidad Valenciana,2016,extraordinaria,8,12,12,0,8
36ac1674aa0b,Lengua Castellana y Literatura II,Comunidad Valenciana,2011,ordinaria,8,12,0,0,8
37d3ea174a4a,Lengua Castellana y Literatura II,Madrid,2026,ordinaria,12,17,0,0,12
387b76d59962,Matemáticas II,Madrid,2023,modelo,8,29,0,0,8
389c79bb683d,Historia de España,Comunidad Valenciana,2024,ordinaria,8,8,0,0,8
3999e499d821,Historia de España,Comunidad Valenciana,2025,extraordinaria,5,11,0,0,4
3ad09f75385c,Tecnología e Ingeniería II,País Vasco,2011,extraordinaria,10,30,0,0,10
3c134e1125e6,Historia de España,Comunidad Valenciana,2026,ordinaria,5,11,11,9,0
3e33052fedf6,Matemáticas II,Madrid,2018,modelo,8,29,0,0,8
3e560f6e17a7,Portugués,País Vasco,2011,ordinaria,8,32,0,0,8
4043dfadf4dd,Historia de España,Madrid,2019,modelo,16,19,0,0,16
41369b24aea3,Historia de España,Comunidad Valenciana,2024,extraordinaria,9,13,0,0,8
41fdc1fe038d,Historia de España,Comunidad Valenciana,2013,extraordinaria,8,10,8,0,7
423dd33e007e,Matemáticas II,Madrid,2025,modelo,7,23,0,0,3
42576f6f84fc,Lengua Castellana y Literatura II,Comunidad Valenciana,2020,extraordinaria,13,28,13,0,13
42e04e11e8ed,Historia de España,Comunidad Valenciana,2010,extraordinaria,8,16,0,0,8
43cb911fd6fb,Lengua Castellana y Literatura II,Madrid,2025,extraordinaria,11,14,0,0,11
43d8d44c5114,Historia de España,Madrid,2024,ordinaria,12,19,0,0,12
45c44a65437e,Historia de España,Madrid,2018,extraordinaria,16,18,0,0,16
46a7525321b4,Matemáticas II,Madrid,2023,ordinaria,8,29,0,0,8
47ffbcd1fca6,Matemáticas II,Madrid,2024,extraordinaria,8,26,0,0,8
488817140d92,Historia de España,Comunidad Valenciana,2012,ordinaria,8,16,16,0,8
49e9ef3c3296,Matemáticas II,País Vasco,2026,extraordinaria,7,17,13,14,7
4a7c96ae2912,Historia de la Música y de la Danza,País Vasco,2012,extraordinaria,6,14,14,0,6
4a9b9f03ca14,Lengua Castellana y Literatura II,Comunidad Valenciana,2015,ordinaria,8,12,0,0,8
4afa0f0f8a54,Coro y Técnica Vocal II,Madrid,2025,ordinaria,17,25,24,0,11
4dcc02e32509,Lengua Castellana y Literatura II,Madrid,2020,extraordinaria,14,20,0,0,14
4e4bbca013d1,Lengua Castellana y Literatura II,Comunidad Valenciana,2024,ordinaria,14,29,24,0,12
4e703d87e493,Historia de España,Comunidad Valenciana,2017,extraordinaria,8,12,12,0,8
503de18296eb,Matemáticas II,Comunidad Valenciana,2020,ordinaria,6,24,0,0,6
5091bd5d23ad,Lengua Castellana y Literatura II,Comunidad Valenciana,2022,extraordinaria,13,22,21,0,13
52d217fa097d,Lengua Castellana y Literatura II,Madrid,2026,extraordinaria,12,17,0,0,12
53bf68f29024,Lengua Castellana y Literatura II,Comunidad Valenciana,2021,extraordinaria,13,28,13,0,13
54df7fdb158b,Lengua Castellana y Literatura II,Comunidad Valenciana,2012,extraordinaria,8,12,0,0,8
56bd7dc00fe3,Historia del Arte,Comunidad Valenciana,2024,ordinaria,6,6,0,0,6
56d8a75a668c,Historia de España,Comunidad Valenciana,2021,extraordinaria,9,13,0,0,9
570fa053e73a,Matemáticas II,Madrid,2020,extraordinaria,8,34,0,0,8
57c556902e6d,Matemáticas II,Comunidad Valenciana,2024,extraordinaria,8,29,0,0,8
57fdd40780e1,Matemáticas II,Comunidad Valenciana,2018,ordinaria,6,24,0,0,6
5a168e605053,Historia de España,Madrid,2021,ordinaria,16,23,0,0,16
5ac286f9ac79,Lengua Castellana y Literatura II,Comunidad Valenciana,2015,extraordinaria,8,12,0,0,8
5bf79e24ec75,Lengua Castellana y Literatura II,Madrid,2018,ordinaria,10,24,24,0,10
5e8b4ad65b41,Historia de España,Madrid,2023,ordinaria,16,23,0,0,16
619d7c4c0d6d,Matemáticas II,Comunidad Valenciana,2019,ordinaria,6,25,0,0,6
61e34b1b42fa,Historia de España,Comunidad Valenciana,2025,modelo,4,13,0,0,4
6286420bd955,Lengua Castellana y Literatura II,Madrid,2020,ordinaria,14,20,0,0,14
62b3755b8573,Lengua Castellana y Literatura II,Madrid,2018,modelo,10,24,0,0,10
6426459db740,Historia de España,Madrid,2021,extraordinaria,16,23,0,20,16
6446ce8ed0cf,Lengua Castellana y Literatura II,Comunidad Valenciana,2019,ordinaria,8,12,12,0,8
64e2509df555,Matemáticas II,Comunidad Valenciana,2022,ordinaria,6,23,0,0,6
659fff1375be,Lengua Castellana y Literatura II,Madrid,2023,ordinaria,14,20,0,0,14
6649ce9eecb2,Lengua Castellana y Literatura II,Comunidad Valenciana,2023,ordinaria,13,22,22,0,13
67eea232db63,Dibujo Técnico II,País Vasco,2024,extraordinaria,6,10,9,0,6
68febd0b4352,Latín II,País Vasco,2022,extraordinaria,15,15,9,0,15
698abffe77ea,Historia de España,Comunidad Valenciana,2020,extraordinaria,12,12,0,0,8
6a2a804ce68f,Química,Comunidad Valenciana,2016,ordinaria,10,43,0,0,0
6bfd1db9d487,Lengua Castellana y Literatura II,Madrid,2019,ordinaria,10,24,0,0,10
6e24013db05c,Lengua Castellana y Literatura II,Madrid,2022,ordinaria,14,20,0,0,14
7159ec231c04,Matemáticas II,Madrid,2024,ordinaria,8,25,0,0,8
7241ab1f5341,Lengua Castellana y Literatura II,Comunidad Valenciana,2016,ordinaria,8,12,0,0,8
73126b12ba41,Matemáticas II,Comunidad Valenciana,2019,extraordinaria,6,25,0,0,6
7336bed75af4,Historia de España,Comunidad Valenciana,2018,extraordinaria,8,12,10,0,8
73d799a38839,Lengua Vasca y Literatura II,País Vasco,2025,ordinaria,13,48,26,0,13
785105ac7ec2,Alemán,Madrid,2018,ordinaria,10,33,10,0,10
78f2610feda8,Matemáticas II,Madrid,2019,ordinaria,8,26,0,0,8
794badfb1034,Matemáticas II,Madrid,2026,extraordinaria,7,21,0,0,7
79bbdbfe8cb1,Lengua Castellana y Literatura II,Madrid,2022,modelo,14,20,0,0,14
7a299e5b3671,Lengua Castellana y Literatura II,Madrid,2022,ordinaria,14,20,0,0,14
7a8748608425,Historia de España,Comunidad Valenciana,2019,ordinaria,8,12,12,0,8
7e1bad7a80fd,Ciencias Generales,País Vasco,2025,ordinaria,7,34,27,0,7
7f137014114d,Historia de España,Madrid,2020,ordinaria,16,23,0,0,15
81564bef5faa,Matemáticas II,Madrid,2021,modelo,8,33,0,0,0
8298a6121d59,Física,Comunidad Valenciana,2019,extraordinaria,6,10,10,0,6
838c30ae94d8,Lengua Castellana y Literatura II,Comunidad Valenciana,2012,ordinaria,6,6,0,0,6
84c4013b5265,Lengua Castellana y Literatura II,Madrid,2023,modelo,14,20,0,0,14
85dac4a830fa,Historia de la Filosofía,Madrid,2019,extraordinaria,8,8,8,0,8
86f7a5b9022d,Lengua Castellana y Literatura II,Madrid,2023,extraordinaria,14,20,0,0,14
872e799df038,Historia de España,Madrid,2025,ordinaria,10,17,0,0,10
873535963f9d,Historia de España,Comunidad Valenciana,2017,ordinaria,8,16,16,0,8
89098e676403,Historia de España,Madrid,2023,ordinaria,16,23,0,0,15
894b8afeb2b8,Lengua Castellana y Literatura II,Madrid,2021,ordinaria,14,20,0,0,14
8a6f0c48cf59,Lengua Castellana y Literatura II,Madrid,2024,ordinaria,14,20,0,0,14
8ab0c6fffdcf,Matemáticas II,Comunidad Valenciana,2016,ordinaria,6,25,0,0,6
8d4709dd94fc,Historia de España,Madrid,2022,extraordinaria,16,23,0,0,16
8daec23be074,Cultura Audiovisual,Madrid,2023,ordinaria,8,30,8,0,8
8f1700eef6e5,Historia de España,Comunidad Valenciana,2016,ordinaria,8,12,12,0,8
9079cba0f003,Historia de España,Comunidad Valenciana,2025,ordinaria,5,11,0,0,4
907fb92539f2,Lengua Castellana y Literatura II,Comunidad Valenciana,2017,extraordinaria,10,14,12,0,10
90a0459332b9,Historia de España,Madrid,2026,extraordinaria,7,7,0,0,7
90dce8c112ac,Historia de España,Madrid,2023,ordinaria,16,23,0,0,16
91449450587c,Física,Comunidad Valenciana,2025,ordinaria,11,19,0,0,11
929807ad22eb,Lengua Castellana y Literatura II,Comunidad Valenciana,2022,ordinaria,12,29,23,0,12
930487e13b75,Historia de España,Comunidad Valenciana,2025,extraordinaria,6,10,0,0,5
933b666312f9,Geografía,Madrid,2019,ordinaria,10,44,10,0,10
93dc23ff9203,Historia de España,Comunidad Valenciana,2023,ordinaria,8,8,0,0,8
942b1778f510,Lengua Castellana y Literatura II,Comunidad Valenciana,2018,extraordinaria,8,12,10,0,8
9467e9ab2b2f,Lengua Castellana y Literatura II,Madrid,2024,ordinaria,14,20,0,0,14
956df9272cca,Matemáticas II,Comunidad Valenciana,2017,extraordinaria,6,25,0,0,6
98dbad03a155,Historia de España,Comunidad Valenciana,2026,modelo,4,12,0,0,3
98f921b58193,Historia de España,Comunidad Valenciana,2011,ordinaria,8,12,10,0,8
9a5ffea388d0,Historia de España,Madrid,2025,extraordinaria,10,17,0,0,10
9c232efc4ff3,Historia de España,Madrid,2024,modelo,12,19,0,0,11
9c4cbc92103b,Francés,Madrid,2025,extraordinaria,8,29,25,0,8
9c694c304495,Lengua Castellana y Literatura II,Comunidad Valenciana,2026,extraordinaria,15,15,3,0,15
9c6c1758e986,Matemáticas II,Madrid,2022,modelo,8,28,0,0,8
9d2c2caffedb,Matemáticas II,Madrid,2023,extraordinaria,8,30,0,0,8
9d70af4a5d41,Lengua Castellana y Literatura II,Madrid,2026,extraordinaria,12,17,0,0,12
9e8570ee562e,Matemáticas II,País Vasco,2021,ordinaria,10,22,18,0,10
a05dd314b1f2,Literatura Dramática,Madrid,2026,extraordinaria,4,23,21,0,4
a0e4c2414f7c,Lengua Castellana y Literatura II,Comunidad Valenciana,2026,ordinaria,15,15,3,0,15
a1bdfb201724,Lengua Castellana y Literatura II,Comunidad Valenciana,2010,extraordinaria,8,12,0,0,8
a25ae1a53c4f,Historia de España,Madrid,2022,ordinaria,15,20,0,0,14
a2af56a74785,Geología y Ciencias Ambientales,País Vasco,2026,extraordinaria,20,25,25,0,20
a46252664577,Historia de España,Madrid,2020,ordinaria,16,23,0,0,16
a48e0ad45b08,Lengua Castellana y Literatura II,Comunidad Valenciana,2020,ordinaria,13,22,13,0,12
a64fafe8c661,Historia de España,Comunidad Valenciana,2014,ordinaria,8,14,14,0,8
a657e3b0b744,Lengua Castellana y Literatura II,Comunidad Valenciana,2025,extraordinaria,8,19,7,0,8
a776d935bdc1,Historia de España,Madrid,2022,ordinaria,16,23,0,0,15
a91229e62578,Fundamentos Artísticos,Comunidad Valenciana,2026,modelo,6,9,0,0,6
a95cacf9e10e,Historia de la Filosofía,Comunidad Valenciana,2021,extraordinaria,16,16,0,0,16
aa5655e3b9e2,Historia de España,Madrid,2025,extraordinaria,11,17,0,0,11
aac3495c1069,Historia de España,Madrid,2020,ordinaria,16,23,0,0,16
ab690a84e30c,Inglés,Comunidad Valenciana,2018,extraordinaria,10,64,32,0,9
ac1e68a880cb,Lengua Castellana y Literatura II,Madrid,2026,modelo,12,17,0,0,12
acbda9a58213,Matemáticas Aplicadas a las CCSS II,Comunidad Valenciana,2022,ordinaria,6,23,21,0,6
ad5e5f0a2ac6,Historia de España,Madrid,2026,extraordinaria,12,15,0,0,12
af54b4044118,Lengua Castellana y Literatura II,Comunidad Valenciana,2013,ordinaria,8,12,0,0,8
aff3651802a6,Lengua Castellana y Literatura II,Madrid,2023,ordinaria,14,20,0,0,14
b2350f7349fb,Lengua Castellana y Literatura II,Comunidad Valenciana,2014,ordinaria,8,12,0,0,8
b318836e0ed7,Lengua Castellana y Literatura II,Madrid,2022,extraordinaria,14,20,0,0,14
b33ba5342851,Historia de España,Madrid,2022,extraordinaria,16,23,0,0,15
b33f8ac01792,Matemáticas II,Madrid,2021,extraordinaria,8,29,0,0,8
b3ab481497c0,Historia de España,Comunidad Valenciana,2012,extraordinaria,8,12,11,0,8
b5604273f1c3,Matemáticas II,Madrid,2022,ordinaria,8,27,0,0,8
b5ab08876761,Historia de España,Comunidad Valenciana,2019,extraordinaria,8,12,12,0,8
b5cd88c6008c,Matemáticas II,Comunidad Valenciana,2013,ordinaria,6,24,0,0,6
b70554fe0f17,Lengua Castellana y Literatura II,Madrid,2021,modelo,14,20,0,0,14
b7806bfd43fe,Historia de España,Madrid,2025,ordinaria,12,15,0,0,12
b8bc434a54f5,Historia de España,Comunidad Valenciana,2011,extraordinaria,8,12,12,0,8
b8fa0d73f649,Matemáticas II,Comunidad Valenciana,2021,extraordinaria,6,23,0,0,6
b996e7795739,Lengua Castellana y Literatura II,Comunidad Valenciana,2025,extraordinaria,6,6,6,0,6
b9c4b6fda9fd,Lengua Castellana y Literatura II,Comunidad Valenciana,2026,modelo,15,15,0,0,14
bbe9725b0e0f,Matemáticas II,Madrid,2025,ordinaria,7,22,0,0,6
bd13236e87fb,Lengua Castellana y Literatura II,Madrid,2022,extraordinaria,14,20,0,0,14
be1849698853,Diseño,Madrid,2023,ordinaria,10,10,10,0,10
be3eae38d7a8,Historia de España,Madrid,2020,modelo,16,23,0,0,15
c09cb7258334,Historia de España,Madrid,2022,modelo,16,23,0,0,16
c159097f9120,Lengua Castellana y Literatura II,Comunidad Valenciana,2025,ordinaria,15,15,0,0,15
c18e08692807,Lengua Castellana y Literatura II,Comunidad Valenciana,2016,extraordinaria,8,12,12,0,8
c1d9f1b76c4c,Lengua Castellana y Literatura II,Madrid,2022,ordinaria,14,20,0,0,14
c1e0cd9998cb,Italiano,Madrid,2021,extraordinaria,12,44,34,0,12
c2e6925690c1,Matemáticas II,Comunidad Valenciana,2017,ordinaria,6,24,0,0,6
c422fff5f7b9,Historia de España,Madrid,2021,ordinaria,16,23,0,0,15
c84489a2b62f,Lengua Castellana y Literatura II,Madrid,2021,extraordinaria,14,20,0,0,14
c84f682ed0b2,Historia de España,Madrid,2018,ordinaria,16,18,0,0,16
c85cd1758e28,Matemáticas II,Comunidad Valenciana,2013,extraordinaria,3,12,0,0,3
cab36a516c34,Historia de España,Comunidad Valenciana,2010,ordinaria,10,10,0,0,10
cb74892cb60e,Matemáticas II,Madrid,2024,ordinaria,8,24,0,0,8
cb9d8c2c12d7,Lengua Castellana y Literatura II,Comunidad Valenciana,2010,ordinaria,8,8,0,0,8
cbf947ff0c0c,Geología y Ciencias Ambientales,Comunidad Valenciana,2022,extraordinaria,20,60,0,0,20
cc4ce021beb2,Historia de España,Madrid,2024,ordinaria,10,13,0,0,9
cd011dfc3111,Historia de España,Comunidad Valenciana,2018,ordinaria,8,12,12,0,8
cdd0f4f759e1,Historia de España,Comunidad Valenciana,2026,extraordinaria,6,10,10,0,5
ce17d1837c64,Literatura Universal,País Vasco,2013,extraordinaria,8,8,8,0,8
ce6f09d504dc,Historia de España,Madrid,2020,extraordinaria,18,21,0,0,18
cf8f175f86e7,Movimientos Culturales y Artísticos,País Vasco,2024,ordinaria,16,36,32,0,16
d0639c51e9f8,Lengua Castellana y Literatura II,Madrid,2020,ordinaria,14,20,0,0,14
d0cb552cbd36,Historia de España,Madrid,2021,modelo,16,23,0,0,16
d1e0bad7ac24,Historia de España,Comunidad Valenciana,2015,extraordinaria,8,12,12,0,8
d33db3386e53,Lengua Castellana y Literatura II,Comunidad Valenciana,2018,ordinaria,10,10,10,0,10
d38f6dafa9bd,Lengua Castellana y Literatura II,Madrid,2024,modelo,14,20,0,0,14
d487a226ab90,Historia de España,Madrid,2024,extraordinaria,12,19,0,0,12
d54d5d841933,Lengua Castellana y Literatura II,Comunidad Valenciana,2019,extraordinaria,6,6,6,0,6
d5bb406de29e,Historia de España,Madrid,2021,ordinaria,16,23,0,0,16
d779a6b74aba,Historia de España,Comunidad Valenciana,2013,ordinaria,8,16,16,0,8
d8d3b89285b6,Lengua Castellana y Literatura II,Comunidad Valenciana,2014,extraordinaria,8,12,0,0,8
db08dd7416d3,Lengua Castellana y Literatura II,Comunidad Valenciana,2024,extraordinaria,13,24,20,0,12
dfa70105641a,Lengua Castellana y Literatura II,Comunidad Valenciana,2021,ordinaria,13,25,13,0,12
dff10bd824da,Matemáticas II,Madrid,2025,extraordinaria,7,21,0,0,7
e181c850e8ce,Matemáticas II,Madrid,2024,modelo,8,26,0,0,8
e1f43a3363d4,Economía de la Empresa,Comunidad Valenciana,2024,ordinaria,16,37,0,0,16
e20bc6ac4790,Lengua Castellana y Literatura II,Madrid,2020,modelo,14,20,0,0,14
e2595a3b7e0d,Matemáticas II,Comunidad Valenciana,2023,extraordinaria,8,27,0,0,8
e28ef720b913,Matemáticas II,Madrid,2022,extraordinaria,8,28,0,0,8
e300944f0ec3,Geografía,Comunidad Valenciana,2021,extraordinaria,8,13,0,0,8
e3b38fbda57d,Historia de España,Comunidad Valenciana,2022,extraordinaria,5,17,0,0,4
e71581fd27e5,Matemáticas II,Madrid,2020,modelo,8,28,0,0,8
e731338592c5,Geografía,Comunidad Valenciana,2025,ordinaria,4,10,0,0,4
e734936a32d3,Matemáticas II,Comunidad Valenciana,2025,extraordinaria,4,29,0,0,4
e762bb621d48,Matemáticas II,Madrid,2025,ordinaria,7,21,0,0,7
e7907173dac8,Valenciano,Comunidad Valenciana,2026,ordinaria,11,33,0,0,11
e880b6f47a91,Lengua Castellana y Literatura II,Madrid,2025,ordinaria,11,14,0,0,11
e887d3851c95,Matemáticas II,Madrid,2026,ordinaria,7,19,0,0,6
e901e02fbd0a,Matemáticas II,Madrid,2020,ordinaria,8,29,0,0,8
e921bcde8ddb,Matemáticas II,Comunidad Valenciana,2016,extraordinaria,6,26,0,0,6
e96e07529cae,Matemáticas II,Comunidad Valenciana,2024,ordinaria,8,29,0,0,8
eb1d77ddf433,Lengua Castellana y Literatura II,Comunidad Valenciana,2023,extraordinaria,13,22,20,0,12
ed03ea4e6cf8,Artes Escénicas II,Madrid,2020,ordinaria,6,16,16,0,5
ed9f75746f60,Matemáticas II,Comunidad Valenciana,2023,ordinaria,8,26,0,0,8
f14d74605043,Matemáticas II,Madrid,2020,ordinaria,8,29,0,0,8
f4aa680c156d,Lengua Castellana y Literatura II,Madrid,2024,extraordinaria,14,20,0,0,14
f5a8aadc050b,Matemáticas Aplicadas a las CCSS II,Comunidad Valenciana,2017,extraordinaria,6,18,0,0,6
f6ae3b95185b,Matemáticas II,Comunidad Valenciana,2021,ordinaria,6,23,0,0,6
f7ba90e6218e,Historia de España,Madrid,2022,ordinaria,16,23,0,0,15
f88f210f0efc,Historia de España,Madrid,2019,extraordinaria,18,18,0,0,18
f924b77166cd,Historia de España,Madrid,2026,ordinaria,12,15,0,0,12
fa08351c342d,Historia de España,Madrid,2024,ordinaria,12,19,0,0,12
fae5d170fbef,Historia de España,Madrid,2026,modelo,12,15,0,0,12
fb159fb1bc3a,Lengua Castellana y Literatura II,Madrid,2019,modelo,10,24,0,0,10
fb33d4fddeab,Griego II,Madrid,2024,ordinaria,12,12,0,0,12
fb49d9b64ac1,Lengua Castellana y Literatura II,Madrid,2025,modelo,11,14,0,0,11
fda5ea13b6c5,Ciencias de la Tierra y Medioambientales,Comunidad Valenciana,2013,extraordinaria,6,6,0,0,6
fdd6ca513f80,Dibujo Técnico II,Comunidad Valenciana,2026,ordinaria,4,20,0,0,4
