run,fase,id,estimulo,idioma,pagina,problemas,metodo,archivo,ancho,alto,existe
gpt-6-luna__p4,.,012555da3d70,E1,otro,5,[],pdf,012555da3d70_E1_otro_1.png,850,1019,True
gpt-6-luna__p4,.,012555da3d70,E2,otro,5,[],pdf,012555da3d70_E2_otro_1.png,735,556,True
gpt-6-luna__p4,.,012555da3d70,E3,otro,5,[],pdf,012555da3d70_E3_otro_1.png,1103,598,True
gpt-6-luna__p4,.,012555da3d70,E4,otro,6,[],pdf,012555da3d70_E4_otro_1.png,1011,1351,True
gpt-6-luna__p4,.,012555da3d70,E5,otro,6,[],pdf,012555da3d70_E5_otro_1.png,579,843,True
gpt-6-luna__p4,.,03364198c8fb,E2,fr,4,[],modelo,03364198c8fb_E2_fr_1.png,244,254,True
gpt-6-luna__p4,.,03364198c8fb,E3,fr,4,[],modelo,03364198c8fb_E3_fr_1.png,244,247,True
gpt-6-luna__p4,.,03364198c8fb,E4,fr,4,[],modelo,03364198c8fb_E4_fr_1.png,244,254,True
gpt-6-luna__p4,.,03364198c8fb,E5,fr,4,"[""diminuto""]",,,,,False
gpt-6-luna__p4,.,03364198c8fb,E6,fr,5,[],pdf,03364198c8fb_E6_fr_1.png,352,469,True
gpt-6-luna__p4,.,03364198c8fb,E7,fr,5,[],pdf,03364198c8fb_E7_fr_1.png,439,611,True
gpt-6-luna__p4,.,03364198c8fb,E8,fr,5,[],pdf,03364198c8fb_E8_fr_1.png,441,614,True
gpt-6-luna__p4,.,070c3795d83c,E1,es,3,[],pdf,070c3795d83c_E1_es_1.png,1634,1634,True
gpt-6-luna__p4,.,070c3795d83c,E2,es,4,[],pdf,070c3795d83c_E2_es_1.png,1634,1634,True
gpt-6-luna__p4,.,070c3795d83c,E3,es,6,[],pdf,070c3795d83c_E3_es_1.png,1634,1634,True
gpt-6-luna__p4,.,070c3795d83c,E4,es,7,[],pdf,070c3795d83c_E4_es_1.png,1634,1634,True
gpt-6-luna__p4,.,0ac57a998ad1,E1,va,1,[],modelo,0ac57a998ad1_E1_va_1.png,1219,212,True
gpt-6-luna__p4,.,0ac57a998ad1,E1,es,3,[],modelo,0ac57a998ad1_E1_es_2.png,1251,235,True
gpt-6-luna__p4,.,0ac57a998ad1,E2,va,2,[],modelo,0ac57a998ad1_E2_va_1.png,1483,188,True
gpt-6-luna__p4,.,0ac57a998ad1,E2,es,4,[],modelo,0ac57a998ad1_E2_es_2.png,1483,188,True
gpt-6-luna__p4,.,0ac57a998ad1,E3,va,2,[],modelo,0ac57a998ad1_E3_va_1.png,1367,586,True
gpt-6-luna__p4,.,0ac57a998ad1,E3,es,4,[],modelo,0ac57a998ad1_E3_es_2.png,1367,375,True
gpt-6-luna__p4,.,0ac57a998ad1,E4,va,2,[],modelo,0ac57a998ad1_E4_va_1.png,1367,913,True
gpt-6-luna__p4,.,0ac57a998ad1,E4,es,4,[],modelo,0ac57a998ad1_E4_es_2.png,1367,632,True
gpt-6-luna__p4,.,1f06fc98f001,E1,es,1,[],modelo,1f06fc98f001_E1_es_1.png,557,399,True
gpt-6-luna__p4,.,1f06fc98f001,E2,es,2,[],modelo,1f06fc98f001_E2_es_1.png,425,375,True
gpt-6-luna__p4,.,1f06fc98f001,E3,es,2,[],modelo,1f06fc98f001_E3_es_1.png,458,375,True
gpt-6-luna__p4,.,2422938d704e,E1,va,1,[],pdf,2422938d704e_E1_va_1.png,807,567,True
gpt-6-luna__p4,.,2422938d704e,E1,es,5,[],pdf,2422938d704e_E1_es_2.png,826,567,True
gpt-6-luna__p4,.,2422938d704e,E2,va,2,[],pdf,2422938d704e_E2_va_1.png,286,456,True
gpt-6-luna__p4,.,2422938d704e,E2,es,6,[],pdf,2422938d704e_E2_es_2.png,321,513,True
gpt-6-luna__p4,.,2422938d704e,E3,va,2,[],pdf,2422938d704e_E3_va_1.png,286,456,True
gpt-6-luna__p4,.,2422938d704e,E3,es,6,[],pdf,2422938d704e_E3_es_2.png,321,513,True
gpt-6-luna__p4,.,2422938d704e,E4,va,4,[],pdf,2422938d704e_E4_va_1.png,921,458,True
gpt-6-luna__p4,.,2422938d704e,E4,es,8,[],modelo,2422938d704e_E4_es_2.png,1086,562,True
gpt-6-luna__p4,.,3068d1110070,E2,de,4,[],modelo,3068d1110070_E2_de_1.png,1692,2294,True
gpt-6-luna__p4,.,3068d1110070,E2,de,5,[],modelo,3068d1110070_E2_de_2.png,1675,2317,True
gpt-6-luna__p4,.,3068d1110070,E2,de,6,[],modelo,3068d1110070_E2_de_3.png,1675,2317,True
gpt-6-luna__p4,.,3068d1110070,E3,fr,7,"[""casi-pagina""]",,,,,False
gpt-6-luna__p4,.,3068d1110070,E3,fr,8,[],modelo,3068d1110070_E3_fr_2.png,1153,1502,True
gpt-6-luna__p4,.,3068d1110070,E3,fr,9,[],modelo,3068d1110070_E3_fr_3.png,1178,1547,True
gpt-6-luna__p4,.,3068d1110070,E3,fr,10,[],modelo,3068d1110070_E3_fr_4.png,1162,1580,True
gpt-6-luna__p4,.,3ad09f75385c,E1,es,2,[],pdf,3ad09f75385c_E1_es_1.png,600,436,True
gpt-6-luna__p4,.,3ad09f75385c,E2,es,2,[],pdf,3ad09f75385c_E2_es_1.png,505,616,True
gpt-6-luna__p4,.,3ad09f75385c,E3,es,2,[],pdf,3ad09f75385c_E3_es_1.png,406,373,True
gpt-6-luna__p4,.,3ad09f75385c,E4,es,3,[],pdf,3ad09f75385c_E4_es_1.png,913,823,True
gpt-6-luna__p4,.,3ad09f75385c,E5,es,5,[],pdf,3ad09f75385c_E5_es_1.png,1098,467,True
gpt-6-luna__p4,.,3ad09f75385c,E6,es,5,[],pdf,3ad09f75385c_E6_es_1.png,508,504,True
gpt-6-luna__p4,.,3ad09f75385c,E7,es,7,[],pdf,3ad09f75385c_E7_es_1.png,1454,543,True
gpt-6-luna__p4,.,56bd7dc00fe3,E1,otro,5,[],pdf,56bd7dc00fe3_E1_otro_1.png,990,829,True
gpt-6-luna__p4,.,56bd7dc00fe3,E2,otro,5,[],pdf,56bd7dc00fe3_E2_otro_1.png,772,601,True
gpt-6-luna__p4,.,56bd7dc00fe3,E3,otro,5,[],modelo,56bd7dc00fe3_E3_otro_1.png,1172,747,True
gpt-6-luna__p4,.,56bd7dc00fe3,E4,otro,6,[],pdf,56bd7dc00fe3_E4_otro_1.png,1388,932,True
gpt-6-luna__p4,.,56bd7dc00fe3,E5,otro,6,[],pdf,56bd7dc00fe3_E5_otro_1.png,1310,988,True
gpt-6-luna__p4,.,67eea232db63,E1,es,3,[],pdf,67eea232db63_E1_es_1.png,1525,1585,True
gpt-6-luna__p4,.,67eea232db63,E2,es,4,[],pdf,67eea232db63_E2_es_1.png,1339,1630,True
gpt-6-luna__p4,.,67eea232db63,E3,es,5,[],pdf,67eea232db63_E3_es_1.png,1339,1850,True
gpt-6-luna__p4,.,67eea232db63,E4,es,6,[],pdf,67eea232db63_E4_es_1.png,1368,1495,True
gpt-6-luna__p4,.,67eea232db63,E5,es,7,[],pdf,67eea232db63_E5_es_1.png,1339,1582,True
gpt-6-luna__p4,.,67eea232db63,E6,es,8,[],pdf,67eea232db63_E6_es_1.png,1339,1461,True
gpt-6-luna__p4,.,67eea232db63,E7,es,8,[],modelo,67eea232db63_E7_es_1.png,756,445,True
gpt-6-luna__p4,.,67eea232db63,E8,es,8,[],modelo,67eea232db63_E8_es_1.png,640,796,True
gpt-6-luna__p4,.,67eea232db63,E9,es,9,[],pdf,67eea232db63_E9_es_1.png,1425,1648,True
gpt-6-luna__p4,.,67eea232db63,E10,es,10,[],pdf,67eea232db63_E10_es_1.png,1339,1612,True
gpt-6-luna__p4,.,67eea232db63,E11,es,11,[],modelo,67eea232db63_E11_es_1.png,1334,2060,True
gpt-6-luna__p4,.,67eea232db63,E12,es,12,[],pdf,67eea232db63_E12_es_1.png,1339,1462,True
gpt-6-luna__p4,.,67eea232db63,E13,es,12,[],modelo,67eea232db63_E13_es_1.png,789,609,True
gpt-6-luna__p4,.,67eea232db63,E14,es,13,[],pdf,67eea232db63_E14_es_1.png,1339,1557,True
gpt-6-luna__p4,.,7e1bad7a80fd,E2,es,3,[],pdf,7e1bad7a80fd_E2_es_1.png,1654,1813,True
gpt-6-luna__p4,.,7e1bad7a80fd,E3,es,3,[],pdf,7e1bad7a80fd_E3_es_1.png,1654,1813,True
gpt-6-luna__p4,.,7e1bad7a80fd,E4,es,4,[],pdf,7e1bad7a80fd_E4_es_1.png,1654,1813,True
gpt-6-luna__p4,.,7e1bad7a80fd,E5,es,4,[],pdf,7e1bad7a80fd_E5_es_1.png,1654,1813,True
gpt-6-luna__p4,.,7e1bad7a80fd,E6,es,5,[],pdf,7e1bad7a80fd_E6_es_1.png,1654,1813,True
gpt-6-luna__p4,.,7e1bad7a80fd,E7,es,7,[],pdf,7e1bad7a80fd_E7_es_1.png,1654,1813,True
gpt-6-luna__p4,.,8298a6121d59,E1,es,1,[],pdf,8298a6121d59_E1_es_1.png,222,262,True
gpt-6-luna__p4,.,8298a6121d59,E1,va,2,[],pdf,8298a6121d59_E1_va_2.png,223,264,True
gpt-6-luna__p4,.,8298a6121d59,E2,es,1,[],pdf,8298a6121d59_E2_es_1.png,614,385,True
gpt-6-luna__p4,.,8298a6121d59,E2,va,2,[],pdf,8298a6121d59_E2_va_2.png,616,386,True
gpt-6-luna__p4,.,8daec23be074,E1,es,3,[],pdf,8daec23be074_E1_es_1.png,1334,1634,True
gpt-6-luna__p4,.,8daec23be074,E2,es,5,[],pdf,8daec23be074_E2_es_1.png,1256,1806,True
gpt-6-luna__p4,.,91449450587c,E1,es,1,[],pdf,91449450587c_E1_es_1.png,421,288,True
gpt-6-luna__p4,.,91449450587c,E1,va,3,[],pdf,91449450587c_E1_va_2.png,421,288,True
gpt-6-luna__p4,.,91449450587c,E2,es,1,[],pdf,91449450587c_E2_es_1.png,430,403,True
gpt-6-luna__p4,.,91449450587c,E2,va,3,[],pdf,91449450587c_E2_va_2.png,402,376,True
gpt-6-luna__p4,.,91449450587c,E3,es,2,[],pdf,91449450587c_E3_es_1.png,497,332,True
gpt-6-luna__p4,.,91449450587c,E3,va,4,[],pdf,91449450587c_E3_va_2.png,507,338,True
gpt-6-luna__p4,.,91449450587c,E4,es,2,[],pdf,91449450587c_E4_es_1.png,826,338,True
gpt-6-luna__p4,.,91449450587c,E4,va,4,[],pdf,91449450587c_E4_va_2.png,826,338,True
gpt-6-luna__p4,.,933b666312f9,E1,es,7,[],pdf,933b666312f9_E1_es_1.png,1301,1341,True
gpt-6-luna__p4,.,933b666312f9,E2,es,8,[],pdf,933b666312f9_E2_es_1.png,1227,1431,True
gpt-6-luna__p4,.,933b666312f9,E3,es,2,[],pdf,933b666312f9_E3_es_1.png,1342,933,True
gpt-6-luna__p4,.,933b666312f9,E4,es,2,[],pdf,933b666312f9_E4_es_1.png,1309,856,True
gpt-6-luna__p4,.,933b666312f9,E5,es,4,[],pdf,933b666312f9_E5_es_1.png,974,1211,True
gpt-6-luna__p4,.,933b666312f9,E6,es,4,[],modelo,933b666312f9_E6_es_1.png,1547,258,True
gpt-6-luna__p4,.,933b666312f9,E7,es,5,[],pdf,933b666312f9_E7_es_1.png,1233,888,True
gpt-6-luna__p4,.,9c4cbc92103b,E2,fr,4,[],pdf,9c4cbc92103b_E2_fr_1.png,519,519,True
gpt-6-luna__p4,.,9c4cbc92103b,E3,fr,4,[],modelo,9c4cbc92103b_E3_fr_1.png,647,471,True
gpt-6-luna__p4,.,9e8570ee562e,E1,es,3,[],pdf,9e8570ee562e_E1_es_1.png,1040,1715,True
gpt-6-luna__p4,.,a2af56a74785,E1,es,2,[],pdf,a2af56a74785_E1_es_1.png,1644,1652,True
gpt-6-luna__p4,.,a2af56a74785,E2,es,3,[],pdf,a2af56a74785_E2_es_1.png,1644,1652,True
gpt-6-luna__p4,.,a2af56a74785,E3,es,3,[],pdf,a2af56a74785_E3_es_1.png,1644,1782,True
gpt-6-luna__p4,.,a2af56a74785,E4,es,4,[],pdf,a2af56a74785_E4_es_1.png,1644,1652,True
gpt-6-luna__p4,.,a2af56a74785,E5,es,4,[],pdf,a2af56a74785_E5_es_1.png,1644,1764,True
gpt-6-luna__p4,.,a2af56a74785,E6,es,5,[],pdf,a2af56a74785_E6_es_1.png,1644,1652,True
gpt-6-luna__p4,.,a2af56a74785,E7,es,6,[],pdf,a2af56a74785_E7_es_1.png,1644,1652,True
gpt-6-luna__p4,.,a2af56a74785,E8,es,6,[],pdf,a2af56a74785_E8_es_1.png,1644,1652,True
gpt-6-luna__p4,.,a2af56a74785,E9,es,6,[],pdf,a2af56a74785_E9_es_1.png,1644,1652,True
gpt-6-luna__p4,.,a2af56a74785,E10,es,7,[],pdf,a2af56a74785_E10_es_1.png,1644,1652,True
gpt-6-luna__p4,.,a2af56a74785,E11,es,7,[],pdf,a2af56a74785_E11_es_1.png,1644,1652,True
gpt-6-luna__p4,.,a2af56a74785,E12,es,7,[],pdf,a2af56a74785_E12_es_1.png,1644,1743,True
gpt-6-luna__p4,.,a2af56a74785,E13,eu,8,[],pdf,a2af56a74785_E13_eu_1.png,1644,1652,True
gpt-6-luna__p4,.,a91229e62578,E2,otro,5,[],pdf,a91229e62578_E2_otro_1.png,546,685,True
gpt-6-luna__p4,.,a91229e62578,E3,otro,5,[],pdf,a91229e62578_E3_otro_1.png,552,685,True
gpt-6-luna__p4,.,a91229e62578,E4,otro,6,[],pdf,a91229e62578_E4_otro_1.png,986,709,True
gpt-6-luna__p4,.,a91229e62578,E5,otro,6,[],pdf,a91229e62578_E5_otro_1.png,532,708,True
gpt-6-luna__p4,.,be1849698853,E1,es,1,[],modelo,be1849698853_E1_es_1.png,954,328,True
gpt-6-luna__p4,.,cbf947ff0c0c,E1,va,2,[],modelo,cbf947ff0c0c_E1_va_1.png,1616,480,True
gpt-6-luna__p4,.,cbf947ff0c0c,E1,es,6,[],modelo,cbf947ff0c0c_E1_es_2.png,1616,480,True
gpt-6-luna__p4,.,cbf947ff0c0c,E2,va,3,[],pdf,cbf947ff0c0c_E2_va_1.png,1203,568,True
gpt-6-luna__p4,.,cbf947ff0c0c,E2,es,7,[],pdf,cbf947ff0c0c_E2_es_2.png,1203,569,True
gpt-6-luna__p4,.,cbf947ff0c0c,E4,va,4,[],pdf,cbf947ff0c0c_E4_va_1.png,1195,591,True
gpt-6-luna__p4,.,cbf947ff0c0c,E4,es,8,[],pdf,cbf947ff0c0c_E4_es_2.png,1195,591,True
gpt-6-luna__p4,.,cf8f175f86e7,E1,es,3,[],pdf,cf8f175f86e7_E1_es_1.png,1379,1380,True
gpt-6-luna__p4,.,cf8f175f86e7,E2,es,4,[],pdf,cf8f175f86e7_E2_es_1.png,1379,1405,True
gpt-6-luna__p4,.,cf8f175f86e7,E3,es,5,[],pdf,cf8f175f86e7_E3_es_1.png,1379,1380,True
gpt-6-luna__p4,.,cf8f175f86e7,E4,es,6,[],pdf,cf8f175f86e7_E4_es_1.png,1379,1380,True
gpt-6-luna__p4,.,e1f43a3363d4,E1,va,2,[],modelo,e1f43a3363d4_E1_va_1.png,1501,305,True
gpt-6-luna__p4,.,e1f43a3363d4,E1,es,5,[],modelo,e1f43a3363d4_E1_es_2.png,1501,305,True
gpt-6-luna__p4,.,e1f43a3363d4,E2,va,3,[],modelo,e1f43a3363d4_E2_va_1.png,723,305,True
gpt-6-luna__p4,.,e1f43a3363d4,E2,es,6,[],modelo,e1f43a3363d4_E2_es_2.png,723,305,True
gpt-6-luna__p4,.,e300944f0ec3,E1,va,2,[],modelo,e300944f0ec3_E1_va_1.png,1632,433,True
gpt-6-luna__p4,.,e300944f0ec3,E2,es,2,[],pdf,e300944f0ec3_E2_es_1.png,1517,1304,True
gpt-6-luna__p4,.,e300944f0ec3,E3,va,3,[],modelo,e300944f0ec3_E3_va_1.png,1172,515,True
gpt-6-luna__p4,.,e300944f0ec3,E4,es,3,[],pdf,e300944f0ec3_E4_es_1.png,1459,1064,True
gpt-6-luna__p4,.,e731338592c5,E1,otro,2,[],pdf,e731338592c5_E1_otro_1.png,1463,745,True
gpt-6-luna__p4,.,e731338592c5,E2,otro,2,[],pdf,e731338592c5_E2_otro_1.png,1530,1014,True
gpt-6-luna__p4,.,e731338592c5,E3,otro,3,[],modelo,e731338592c5_E3_otro_1.png,1492,949,True
gpt-6-luna__p4,.,e731338592c5,E4,otro,3,[],pdf,e731338592c5_E4_otro_1.png,1519,830,True
gpt-6-luna__p4,.,e7907173dac8,E3,va,2,[],modelo,e7907173dac8_E3_va_1.png,1450,279,True
gpt-6-luna__p4,.,ed03ea4e6cf8,E2,es,3,[],pdf,ed03ea4e6cf8_E2_es_1.png,1465,919,True
gpt-6-luna__p4,.,ed03ea4e6cf8,E4,es,7,[],pdf,ed03ea4e6cf8_E4_es_1.png,1523,1024,True
gpt-6-luna__p4,.,fdd6ca513f80,E1,va,2,[],pdf,fdd6ca513f80_E1_va_1.png,1340,989,True
gpt-6-luna__p4,.,fdd6ca513f80,E2,va,3,[],pdf,fdd6ca513f80_E2_va_1.png,911,977,True
gpt-6-luna__p4,.,fdd6ca513f80,E3,va,5,[],pdf,fdd6ca513f80_E3_va_1.png,1352,516,True
gpt-6-luna__p4,.,fdd6ca513f80,E4,va,6,[],pdf,fdd6ca513f80_E4_va_1.png,1329,1514,True
gpt-6-luna__p4,.,fdd6ca513f80,E5,va,7,[],pdf,fdd6ca513f80_E5_va_1.png,654,892,True
gpt-6-luna__p4,.,fdd6ca513f80,E6,va,8,[],modelo,fdd6ca513f80_E6_va_1.png,442,399,True
gpt-6-luna__p4,.,fdd6ca513f80,E7,va,8,[],modelo,fdd6ca513f80_E7_va_1.png,499,492,True
gpt-6-luna__p5,.,012555da3d70,E1,otro,5,[],pdf,012555da3d70_E1_otro_1.png,850,1019,True
gpt-6-luna__p5,.,012555da3d70,E2,otro,5,[],pdf,012555da3d70_E2_otro_1.png,735,556,True
gpt-6-luna__p5,.,012555da3d70,E3,otro,5,[],pdf,012555da3d70_E3_otro_1.png,1103,598,True
gpt-6-luna__p5,.,012555da3d70,E4,otro,6,[],pdf,012555da3d70_E4_otro_1.png,1011,1351,True
gpt-6-luna__p5,.,012555da3d70,E5,otro,6,[],pdf,012555da3d70_E5_otro_1.png,579,843,True
gpt-6-luna__p5,.,01808acbd270,E1,es,1,[],pdf,01808acbd270_E1_es_1.png,865,433,True
gpt-6-luna__p5,.,01808acbd270,E2,es,2,[],modelo,01808acbd270_E2_es_1.png,1120,515,True
gpt-6-luna__p5,.,03364198c8fb,E2,fr,4,[],modelo,03364198c8fb_E2_fr_1.png,293,632,True
gpt-6-luna__p5,.,03364198c8fb,E3,fr,5,[],pdf,03364198c8fb_E3_fr_1.png,352,469,True
gpt-6-luna__p5,.,03364198c8fb,E4,fr,5,[],pdf,03364198c8fb_E4_fr_1.png,439,611,True
gpt-6-luna__p5,.,03364198c8fb,E5,fr,5,[],pdf,03364198c8fb_E5_fr_1.png,441,614,True
gpt-6-luna__p5,.,070c3795d83c,E1,es,3,[],pdf,070c3795d83c_E1_es_1.png,1634,1634,True
gpt-6-luna__p5,.,070c3795d83c,E2,es,4,[],pdf,070c3795d83c_E2_es_1.png,1634,1634,True
gpt-6-luna__p5,.,070c3795d83c,E3,es,6,[],pdf,070c3795d83c_E3_es_1.png,1634,1634,True
gpt-6-luna__p5,.,070c3795d83c,E4,es,7,[],pdf,070c3795d83c_E4_es_1.png,1634,1634,True
gpt-6-luna__p5,.,0b7e227a5499,E1,es,3,[],pdf,0b7e227a5499_E1_es_1.png,1336,1405,True
gpt-6-luna__p5,.,13244a0fa596,E1,es,1,[],pdf,13244a0fa596_E1_es_1.png,1004,569,True
gpt-6-luna__p5,.,13244a0fa596,E2,es,2,[],pdf,13244a0fa596_E2_es_1.png,1212,544,True
gpt-6-luna__p5,.,184bfaad518f,E1,es,2,[],modelo,184bfaad518f_E1_es_1.png,745,430,True
gpt-6-luna__p5,.,19e1e026fa90,E1,va,6,[],modelo,19e1e026fa90_E1_va_1.png,1616,2316,True
gpt-6-luna__p5,.,19e1e026fa90,E1,va,7,[],modelo,19e1e026fa90_E1_va_3.png,1616,1942,True
gpt-6-luna__p5,.,1bc800a06e3b,E1,es,3,[],pdf,1bc800a06e3b_E1_es_1.png,1418,1491,True
gpt-6-luna__p5,.,1bc800a06e3b,E2,es,3,[],pdf,1bc800a06e3b_E2_es_1.png,1086,393,True
gpt-6-luna__p5,.,1d26a968086e,E1,es,1,[],pdf,1d26a968086e_E1_es_1.png,1277,303,True
gpt-6-luna__p5,.,1d26a968086e,E2,es,2,[],modelo,1d26a968086e_E2_es_1.png,856,539,True
gpt-6-luna__p5,.,1f06fc98f001,E1,es,1,[],modelo,1f06fc98f001_E1_es_1.png,606,375,True
gpt-6-luna__p5,.,1f06fc98f001,E2,es,2,[],modelo,1f06fc98f001_E2_es_1.png,425,399,True
gpt-6-luna__p5,.,1f06fc98f001,E3,es,2,[],modelo,1f06fc98f001_E3_es_1.png,458,399,True
gpt-6-luna__p5,.,215c4577b13a,E2,es,2,[],pdf,215c4577b13a_E2_es_1.png,846,571,True
gpt-6-luna__p5,.,2290f27c0d9c,E1,es,3,[],pdf,2290f27c0d9c_E1_es_1.png,1418,1491,True
gpt-6-luna__p5,.,2290f27c0d9c,E2,es,3,[],pdf,2290f27c0d9c_E2_es_1.png,1086,393,True
gpt-6-luna__p5,.,2422938d704e,E1,va,1,[],pdf,2422938d704e_E1_va_1.png,807,567,True
gpt-6-luna__p5,.,2422938d704e,E1,es,5,[],pdf,2422938d704e_E1_es_2.png,826,567,True
gpt-6-luna__p5,.,2422938d704e,E2,va,2,[],pdf,2422938d704e_E2_va_1.png,576,256,True
gpt-6-luna__p5,.,2422938d704e,E2,es,6,[],pdf,2422938d704e_E2_es_2.png,601,268,True
gpt-6-luna__p5,.,2422938d704e,E3,va,2,[],modelo,2422938d704e_E3_va_1.png,1235,352,True
gpt-6-luna__p5,.,2422938d704e,E3,es,6,[],modelo,2422938d704e_E3_es_2.png,1235,352,True
gpt-6-luna__p5,.,2422938d704e,E4,va,2,[],pdf,2422938d704e_E4_va_1.png,286,456,True
gpt-6-luna__p5,.,2422938d704e,E4,es,6,[],pdf,2422938d704e_E4_es_2.png,321,513,True
gpt-6-luna__p5,.,2422938d704e,E5,va,4,[],pdf,2422938d704e_E5_va_1.png,921,458,True
gpt-6-luna__p5,.,2422938d704e,E5,es,8,[],pdf,2422938d704e_E5_es_2.png,996,501,True
gpt-6-luna__p5,.,2422938d704e,E6,va,4,[],modelo,2422938d704e_E6_va_1.png,1632,376,True
gpt-6-luna__p5,.,2422938d704e,E6,es,8,[],modelo,2422938d704e_E6_es_2.png,1632,376,True
gpt-6-luna__p5,.,244a2772cd9c,E1,es,1,[],pdf,244a2772cd9c_E1_es_1.png,723,496,True
gpt-6-luna__p5,.,244a2772cd9c,E2,es,2,[],modelo,244a2772cd9c_E2_es_1.png,989,820,True
gpt-6-luna__p5,.,25fcf7208b8f,E1,es,3,[],pdf,25fcf7208b8f_E1_es_1.png,1418,1491,True
gpt-6-luna__p5,.,25fcf7208b8f,E2,es,3,[],pdf,25fcf7208b8f_E2_es_1.png,1086,393,True
gpt-6-luna__p5,.,26b80e1966f5,E1,es,1,[],pdf,26b80e1966f5_E1_es_1.png,1011,577,True
gpt-6-luna__p5,.,26b80e1966f5,E2,es,2,[],modelo,26b80e1966f5_E2_es_1.png,991,534,True
gpt-6-luna__p5,.,28f5e820a133,E1,es,1,[],pdf,28f5e820a133_E1_es_1.png,807,551,True
gpt-6-luna__p5,.,28f5e820a133,E2,es,2,[],pdf,28f5e820a133_E2_es_1.png,903,476,True
gpt-6-luna__p5,.,2d573323997e,E1,es,3,[],pdf,2d573323997e_E1_es_1.png,1336,1405,True
gpt-6-luna__p5,.,2d925fa916b9,E1,es,3,[],pdf,2d925fa916b9_E1_es_1.png,1418,1491,True
gpt-6-luna__p5,.,2f32a4ccbaab,E1,es,2,[],modelo,2f32a4ccbaab_E1_es_1.png,547,451,True
gpt-6-luna__p5,.,2f32a4ccbaab,E2,es,3,[],pdf,2f32a4ccbaab_E2_es_1.png,1086,393,True
gpt-6-luna__p5,.,2f32a4ccbaab,E3,es,3,[],pdf,2f32a4ccbaab_E3_es_1.png,1418,1491,True
gpt-6-luna__p5,.,2f3ff3e8cb8c,E1,es,3,[],pdf,2f3ff3e8cb8c_E1_es_1.png,1418,1491,True
gpt-6-luna__p5,.,2f3ff3e8cb8c,E2,es,3,[],pdf,2f3ff3e8cb8c_E2_es_1.png,1086,393,True
gpt-6-luna__p5,.,3068d1110070,E2,de,4,[],modelo,3068d1110070_E2_de_1.png,1675,2248,True
gpt-6-luna__p5,.,3068d1110070,E2,de,5,[],modelo,3068d1110070_E2_de_2.png,1675,2248,True
gpt-6-luna__p5,.,3068d1110070,E2,de,6,[],modelo,3068d1110070_E2_de_3.png,1675,2248,True
gpt-6-luna__p5,.,3068d1110070,E3,fr,7,"[""casi-pagina""]",,,,,False
gpt-6-luna__p5,.,3068d1110070,E3,fr,8,"[""casi-pagina""]",,,,,False
gpt-6-luna__p5,.,3068d1110070,E3,fr,9,"[""casi-pagina""]",,,,,False
gpt-6-luna__p5,.,3068d1110070,E3,fr,10,"[""casi-pagina""]",,,,,False
gpt-6-luna__p5,.,32384d10aa13,E1,es,1,[],pdf,32384d10aa13_E1_es_1.png,1351,736,True
gpt-6-luna__p5,.,32384d10aa13,E2,es,2,[],pdf,32384d10aa13_E2_es_1.png,930,526,True
gpt-6-luna__p5,.,37d3ea174a4a,E4,es,2,[],modelo,37d3ea174a4a_E4_es_1.png,971,258,True
gpt-6-luna__p5,.,3ad09f75385c,E1,es,2,[],pdf,3ad09f75385c_E1_es_1.png,600,436,True
gpt-6-luna__p5,.,3ad09f75385c,E2,es,2,[],pdf,3ad09f75385c_E2_es_1.png,505,616,True
gpt-6-luna__p5,.,3ad09f75385c,E3,es,3,[],pdf,3ad09f75385c_E3_es_1.png,913,823,True
gpt-6-luna__p5,.,3ad09f75385c,E4,es,5,[],modelo,3ad09f75385c_E4_es_1.png,607,609,True
gpt-6-luna__p5,.,3ad09f75385c,E5,es,5,[],modelo,3ad09f75385c_E5_es_1.png,772,609,True
gpt-6-luna__p5,.,3ad09f75385c,E6,es,5,[],pdf,3ad09f75385c_E6_es_1.png,508,504,True
gpt-6-luna__p5,.,3ad09f75385c,E7,es,7,[],pdf,3ad09f75385c_E7_es_1.png,1454,543,True
gpt-6-luna__p5,.,3e33052fedf6,E1,es,2,[],pdf,3e33052fedf6_E1_es_1.png,417,323,True
gpt-6-luna__p5,.,3e33052fedf6,E2,es,3,[],pdf,3e33052fedf6_E2_es_1.png,1418,1491,True
gpt-6-luna__p5,.,4043dfadf4dd,E1,es,1,[],pdf,4043dfadf4dd_E1_es_1.png,634,498,True
gpt-6-luna__p5,.,4043dfadf4dd,E2,es,2,[],pdf,4043dfadf4dd_E2_es_1.png,349,520,True
gpt-6-luna__p5,.,423dd33e007e,E1,es,3,[],pdf,423dd33e007e_E1_es_1.png,1022,371,True
gpt-6-luna__p5,.,423dd33e007e,E2,es,3,[],pdf,423dd33e007e_E2_es_1.png,1336,1405,True
gpt-6-luna__p5,.,42e04e11e8ed,E4,va,2,[],pdf,42e04e11e8ed_E4_va_1.png,907,849,True
gpt-6-luna__p5,.,42e04e11e8ed,E4,es,4,[],pdf,42e04e11e8ed_E4_es_2.png,907,848,True
gpt-6-luna__p5,.,43d8d44c5114,E1,es,1,[],pdf,43d8d44c5114_E1_es_1.png,762,509,True
gpt-6-luna__p5,.,43d8d44c5114,E2,es,2,[],modelo,43d8d44c5114_E2_es_1.png,516,632,True
gpt-6-luna__p5,.,45c44a65437e,E1,es,1,[],pdf,45c44a65437e_E1_es_1.png,726,491,True
gpt-6-luna__p5,.,45c44a65437e,E2,es,2,[],pdf,45c44a65437e_E2_es_1.png,785,476,True
gpt-6-luna__p5,.,46a7525321b4,E1,es,3,[],pdf,46a7525321b4_E1_es_1.png,1418,1491,True
gpt-6-luna__p5,.,46a7525321b4,E2,es,3,[],pdf,46a7525321b4_E2_es_1.png,1086,393,True
gpt-6-luna__p5,.,47ffbcd1fca6,E1,es,3,[],pdf,47ffbcd1fca6_E1_es_1.png,1418,1491,True
gpt-6-luna__p5,.,47ffbcd1fca6,E2,es,3,[],pdf,47ffbcd1fca6_E2_es_1.png,1086,393,True
gpt-6-luna__p5,.,4a7c96ae2912,E1,es,5,"[""casi-pagina""]",,,,,False
gpt-6-luna__p5,.,4a7c96ae2912,E1,es,6,"[""casi-pagina""]",,,,,False
gpt-6-luna__p5,.,4a7c96ae2912,E1,es,7,"[""casi-pagina""]",,,,,False
gpt-6-luna__p5,.,4a7c96ae2912,E1,es,8,"[""casi-pagina""]",,,,,False
gpt-6-luna__p5,.,4a7c96ae2912,E1,es,9,"[""casi-pagina""]",,,,,False
gpt-6-luna__p5,.,4a7c96ae2912,E1,es,10,"[""casi-pagina""]",,,,,False
gpt-6-luna__p5,.,4a7c96ae2912,E1,es,11,"[""casi-pagina""]",,,,,False
gpt-6-luna__p5,.,4a7c96ae2912,E2,es,12,"[""casi-pagina""]",,,,,False
gpt-6-luna__p5,.,56bd7dc00fe3,E1,otro,5,[],pdf,56bd7dc00fe3_E1_otro_1.png,990,829,True
gpt-6-luna__p5,.,56bd7dc00fe3,E2,otro,5,[],pdf,56bd7dc00fe3_E2_otro_1.png,772,601,True
gpt-6-luna__p5,.,56bd7dc00fe3,E3,otro,5,[],pdf,56bd7dc00fe3_E3_otro_1.png,371,660,True
gpt-6-luna__p5,.,56bd7dc00fe3,E4,otro,6,[],pdf,56bd7dc00fe3_E4_otro_1.png,1388,932,True
gpt-6-luna__p5,.,56bd7dc00fe3,E5,otro,6,[],pdf,56bd7dc00fe3_E5_otro_1.png,1310,988,True
gpt-6-luna__p5,.,57c556902e6d,E1,va,2,[],pdf,57c556902e6d_E1_va_1.png,485,239,True
gpt-6-luna__p5,.,57c556902e6d,E1,es,4,[],pdf,57c556902e6d_E1_es_2.png,485,239,True
gpt-6-luna__p5,.,5a168e605053,E1,es,1,[],pdf,5a168e605053_E1_es_1.png,900,588,True
gpt-6-luna__p5,.,5a168e605053,E2,es,2,[],pdf,5a168e605053_E2_es_1.png,1152,658,True
gpt-6-luna__p5,.,5e8b4ad65b41,E1,es,1,[],modelo,5e8b4ad65b41_E1_es_1.png,1237,797,True
gpt-6-luna__p5,.,5e8b4ad65b41,E2,es,2,[],modelo,5e8b4ad65b41_E2_es_1.png,1419,469,True
gpt-6-luna__p5,.,61e34b1b42fa,E4,es,2,[],pdf,61e34b1b42fa_E4_es_1.png,1108,222,True
gpt-6-luna__p5,.,61e34b1b42fa,E5,es,2,[],modelo,61e34b1b42fa_E5_es_1.png,1476,253,True
gpt-6-luna__p5,.,6426459db740,E1,es,1,[],pdf,6426459db740_E1_es_1.png,956,561,True
gpt-6-luna__p5,.,6426459db740,E2,es,2,[],modelo,6426459db740_E2_es_1.png,1154,726,True
gpt-6-luna__p5,.,67eea232db63,E1,es,3,[],modelo,67eea232db63_E1_es_1.png,839,586,True
gpt-6-luna__p5,.,67eea232db63,E2,es,3,[],modelo,67eea232db63_E2_es_1.png,1649,819,True
gpt-6-luna__p5,.,67eea232db63,E3,es,4,[],pdf,67eea232db63_E3_es_1.png,1339,1630,True
gpt-6-luna__p5,.,67eea232db63,E4,es,4,[],pdf,67eea232db63_E4_es_1.png,1367,1610,True
gpt-6-luna__p5,.,67eea232db63,E5,es,5,[],pdf,67eea232db63_E5_es_1.png,1339,1850,True
gpt-6-luna__p5,.,67eea232db63,E6,es,6,[],pdf,67eea232db63_E6_es_1.png,1368,1495,True
gpt-6-luna__p5,.,67eea232db63,E7,es,7,[],pdf,67eea232db63_E7_es_1.png,1339,1582,True
gpt-6-luna__p5,.,67eea232db63,E8,es,8,[],modelo,67eea232db63_E8_es_1.png,690,632,True
gpt-6-luna__p5,.,67eea232db63,E9,es,8,[],modelo,67eea232db63_E9_es_1.png,541,632,True
gpt-6-luna__p5,.,67eea232db63,E10,es,8,[],modelo,67eea232db63_E10_es_1.png,707,469,True
gpt-6-luna__p5,.,67eea232db63,E11,es,8,[],modelo,67eea232db63_E11_es_1.png,623,703,True
gpt-6-luna__p5,.,67eea232db63,E12,es,9,[],modelo,67eea232db63_E12_es_1.png,921,913,True
gpt-6-luna__p5,.,67eea232db63,E13,es,9,[],modelo,67eea232db63_E13_es_1.png,541,913,True
gpt-6-luna__p5,.,67eea232db63,E14,es,9,[],modelo,67eea232db63_E14_es_1.png,921,656,True
gpt-6-luna__p5,.,67eea232db63,E15,es,10,[],modelo,67eea232db63_E15_es_1.png,624,796,True
gpt-6-luna__p5,.,67eea232db63,E16,es,10,[],modelo,67eea232db63_E16_es_1.png,640,679,True
gpt-6-luna__p5,.,67eea232db63,E17,es,11,[],modelo,67eea232db63_E17_es_1.png,971,1077,True
gpt-6-luna__p5,.,67eea232db63,E18,es,11,[],modelo,67eea232db63_E18_es_1.png,773,796,True
gpt-6-luna__p5,.,67eea232db63,E19,es,12,[],pdf,67eea232db63_E19_es_1.png,1339,1462,True
gpt-6-luna__p5,.,67eea232db63,E20,es,13,[],modelo,67eea232db63_E20_es_1.png,507,867,True
gpt-6-luna__p5,.,7159ec231c04,E1,es,3,[],pdf,7159ec231c04_E1_es_1.png,1086,393,True
gpt-6-luna__p5,.,7159ec231c04,E2,es,3,[],pdf,7159ec231c04_E2_es_1.png,1418,1491,True
gpt-6-luna__p5,.,78f2610feda8,E1,es,3,[],pdf,78f2610feda8_E1_es_1.png,1086,393,True
gpt-6-luna__p5,.,78f2610feda8,E2,es,3,[],pdf,78f2610feda8_E2_es_1.png,1418,1491,True
gpt-6-luna__p5,.,7e1bad7a80fd,E2,es,3,[],pdf,7e1bad7a80fd_E2_es_1.png,1654,1813,True
gpt-6-luna__p5,.,7e1bad7a80fd,E3,es,3,[],pdf,7e1bad7a80fd_E3_es_1.png,1654,1813,True
gpt-6-luna__p5,.,7e1bad7a80fd,E4,es,4,[],pdf,7e1bad7a80fd_E4_es_1.png,1654,1813,True
gpt-6-luna__p5,.,7e1bad7a80fd,E5,es,4,[],pdf,7e1bad7a80fd_E5_es_1.png,1654,1813,True
gpt-6-luna__p5,.,7e1bad7a80fd,E6,es,5,[],pdf,7e1bad7a80fd_E6_es_1.png,1654,1813,True
gpt-6-luna__p5,.,7e1bad7a80fd,E7,es,7,[],pdf,7e1bad7a80fd_E7_es_1.png,1654,1813,True
gpt-6-luna__p5,.,7f137014114d,E1,es,1,[],pdf,7f137014114d_E1_es_1.png,901,492,True
gpt-6-luna__p5,.,7f137014114d,E2,es,2,[],modelo,7f137014114d_E2_es_1.png,1103,647,True
gpt-6-luna__p5,.,8298a6121d59,E1,es,1,[],pdf,8298a6121d59_E1_es_1.png,222,262,True
gpt-6-luna__p5,.,8298a6121d59,E1,va,2,[],pdf,8298a6121d59_E1_va_2.png,223,264,True
gpt-6-luna__p5,.,8298a6121d59,E2,es,1,[],pdf,8298a6121d59_E2_es_1.png,614,385,True
gpt-6-luna__p5,.,8298a6121d59,E2,va,2,[],pdf,8298a6121d59_E2_va_2.png,616,386,True
gpt-6-luna__p5,.,872e799df038,E1,es,1,[],pdf,872e799df038_E1_es_1.png,815,486,True
gpt-6-luna__p5,.,872e799df038,E2,es,2,[],pdf,872e799df038_E2_es_1.png,872,498,True
gpt-6-luna__p5,.,89098e676403,E1,es,1,[],pdf,89098e676403_E1_es_1.png,1063,533,True
gpt-6-luna__p5,.,89098e676403,E2,es,2,[],modelo,89098e676403_E2_es_1.png,1417,679,True
gpt-6-luna__p5,.,8d4709dd94fc,E1,es,1,[],pdf,8d4709dd94fc_E1_es_1.png,909,647,True
gpt-6-luna__p5,.,8d4709dd94fc,E2,es,2,[],pdf,8d4709dd94fc_E2_es_1.png,1205,421,True
gpt-6-luna__p5,.,8daec23be074,E1,es,3,[],pdf,8daec23be074_E1_es_1.png,1334,1634,True
gpt-6-luna__p5,.,8daec23be074,E2,es,5,[],pdf,8daec23be074_E2_es_1.png,1256,1806,True
gpt-6-luna__p5,.,90a0459332b9,E1,es,1,[],pdf,90a0459332b9_E1_es_1.png,825,372,True
gpt-6-luna__p5,.,90a0459332b9,E2,es,2,[],pdf,90a0459332b9_E2_es_1.png,955,547,True
gpt-6-luna__p5,.,90dce8c112ac,E1,es,1,[],pdf,90dce8c112ac_E1_es_1.png,673,608,True
gpt-6-luna__p5,.,90dce8c112ac,E2,es,2,[],modelo,90dce8c112ac_E2_es_1.png,1204,750,True
gpt-6-luna__p5,.,91449450587c,E1,es,1,[],pdf,91449450587c_E1_es_1.png,421,288,True
gpt-6-luna__p5,.,91449450587c,E1,va,3,[],pdf,91449450587c_E1_va_2.png,421,288,True
gpt-6-luna__p5,.,91449450587c,E2,es,1,[],pdf,91449450587c_E2_es_1.png,430,403,True
gpt-6-luna__p5,.,91449450587c,E2,va,3,[],pdf,91449450587c_E2_va_2.png,402,376,True
gpt-6-luna__p5,.,91449450587c,E3,es,2,[],pdf,91449450587c_E3_es_1.png,497,332,True
gpt-6-luna__p5,.,91449450587c,E3,va,4,[],pdf,91449450587c_E3_va_2.png,507,338,True
gpt-6-luna__p5,.,91449450587c,E4,es,2,[],pdf,91449450587c_E4_es_1.png,826,338,True
gpt-6-luna__p5,.,91449450587c,E4,va,4,[],pdf,91449450587c_E4_va_2.png,826,338,True
gpt-6-luna__p5,.,933b666312f9,E1,es,7,[],pdf,933b666312f9_E1_es_1.png,1301,1341,True
gpt-6-luna__p5,.,933b666312f9,E2,es,2,[],pdf,933b666312f9_E2_es_1.png,1342,933,True
gpt-6-luna__p5,.,933b666312f9,E3,es,2,[],pdf,933b666312f9_E3_es_1.png,1309,856,True
gpt-6-luna__p5,.,933b666312f9,E4,es,8,[],pdf,933b666312f9_E4_es_1.png,1227,1431,True
gpt-6-luna__p5,.,933b666312f9,E5,es,4,[],pdf,933b666312f9_E5_es_1.png,974,1211,True
gpt-6-luna__p5,.,933b666312f9,E6,es,4,[],pdf,933b666312f9_E6_es_1.png,1409,168,True
gpt-6-luna__p5,.,933b666312f9,E7,es,5,[],pdf,933b666312f9_E7_es_1.png,1233,888,True
gpt-6-luna__p5,.,98dbad03a155,E1,va,6,[],pdf,98dbad03a155_E1_va_1.png,1400,726,True
gpt-6-luna__p5,.,98dbad03a155,E1,es,8,[],pdf,98dbad03a155_E1_es_2.png,1400,726,True
gpt-6-luna__p5,.,9a5ffea388d0,E1,es,1,[],pdf,9a5ffea388d0_E1_es_1.png,729,440,True
gpt-6-luna__p5,.,9a5ffea388d0,E2,es,2,[],pdf,9a5ffea388d0_E2_es_1.png,791,571,True
gpt-6-luna__p5,.,9c232efc4ff3,E1,es,1,[],modelo,9c232efc4ff3_E1_es_1.png,1587,527,True
gpt-6-luna__p5,.,9c232efc4ff3,E2,es,2,[],modelo,9c232efc4ff3_E2_es_1.png,727,745,True
gpt-6-luna__p5,.,9c4cbc92103b,E2,fr,4,[],pdf,9c4cbc92103b_E2_fr_1.png,519,519,True
gpt-6-luna__p5,.,9c4cbc92103b,E3,fr,4,[],modelo,9c4cbc92103b_E3_fr_1.png,661,389,True
gpt-6-luna__p5,.,9d2c2caffedb,E1,es,3,[],pdf,9d2c2caffedb_E1_es_1.png,1086,393,True
gpt-6-luna__p5,.,9d2c2caffedb,E2,es,3,[],pdf,9d2c2caffedb_E2_es_1.png,1418,1491,True
gpt-6-luna__p5,.,9d70af4a5d41,E3,es,2,[],pdf,9d70af4a5d41_E3_es_1.png,930,134,True
gpt-6-luna__p5,.,9e8570ee562e,E1,eu,3,[],pdf,9e8570ee562e_E1_eu_1.png,1040,1715,True
gpt-6-luna__p5,.,a25ae1a53c4f,E1,es,1,[],pdf,a25ae1a53c4f_E1_es_1.png,1461,427,True
gpt-6-luna__p5,.,a25ae1a53c4f,E2,es,2,[],modelo,a25ae1a53c4f_E2_es_1.png,1319,557,True
gpt-6-luna__p5,.,a2af56a74785,E1,es,2,[],pdf,a2af56a74785_E1_es_1.png,1644,1652,True
gpt-6-luna__p5,.,a2af56a74785,E2,es,3,[],pdf,a2af56a74785_E2_es_1.png,1644,1652,True
gpt-6-luna__p5,.,a2af56a74785,E3,es,3,[],pdf,a2af56a74785_E3_es_1.png,1644,1782,True
gpt-6-luna__p5,.,a2af56a74785,E4,es,4,[],pdf,a2af56a74785_E4_es_1.png,1644,1652,True
gpt-6-luna__p5,.,a2af56a74785,E5,es,4,[],pdf,a2af56a74785_E5_es_1.png,1644,1764,True
gpt-6-luna__p5,.,a2af56a74785,E6,es,5,[],pdf,a2af56a74785_E6_es_1.png,1644,1652,True
gpt-6-luna__p5,.,a2af56a74785,E7,es,6,[],pdf,a2af56a74785_E7_es_1.png,1644,1652,True
gpt-6-luna__p5,.,a2af56a74785,E8,es,6,[],pdf,a2af56a74785_E8_es_1.png,1644,1652,True
gpt-6-luna__p5,.,a2af56a74785,E9,es,6,[],pdf,a2af56a74785_E9_es_1.png,1644,1652,True
gpt-6-luna__p5,.,a2af56a74785,E10,es,7,[],pdf,a2af56a74785_E10_es_1.png,1644,1652,True
gpt-6-luna__p5,.,a2af56a74785,E11,es,7,[],pdf,a2af56a74785_E11_es_1.png,1644,1652,True
gpt-6-luna__p5,.,a2af56a74785,E12,es,7,[],pdf,a2af56a74785_E12_es_1.png,1644,1743,True
gpt-6-luna__p5,.,a2af56a74785,E13,eu,8,[],pdf,a2af56a74785_E13_eu_1.png,1644,1652,True
gpt-6-luna__p5,.,a46252664577,E1,es,1,[],pdf,a46252664577_E1_es_1.png,1155,498,True
gpt-6-luna__p5,.,a46252664577,E2,es,2,[],modelo,a46252664577_E2_es_1.png,1004,585,True
gpt-6-luna__p5,.,a776d935bdc1,E1,es,1,[],pdf,a776d935bdc1_E1_es_1.png,1204,500,True
gpt-6-luna__p5,.,a776d935bdc1,E2,es,2,[],modelo,a776d935bdc1_E2_es_1.png,772,502,True
gpt-6-luna__p5,.,a91229e62578,E1,va,5,[],pdf,a91229e62578_E1_va_1.png,546,685,True
gpt-6-luna__p5,.,a91229e62578,E2,va,5,[],pdf,a91229e62578_E2_va_1.png,552,685,True
gpt-6-luna__p5,.,a91229e62578,E3,va,6,[],pdf,a91229e62578_E3_va_1.png,986,709,True
gpt-6-luna__p5,.,a91229e62578,E4,va,6,[],pdf,a91229e62578_E4_va_1.png,532,708,True
gpt-6-luna__p5,.,aa5655e3b9e2,E1,es,1,[],pdf,aa5655e3b9e2_E1_es_1.png,1205,301,True
gpt-6-luna__p5,.,aa5655e3b9e2,E2,es,2,[],modelo,aa5655e3b9e2_E2_es_1.png,1376,955,True
gpt-6-luna__p5,.,aac3495c1069,E1,es,1,[],pdf,aac3495c1069_E1_es_1.png,861,579,True
gpt-6-luna__p5,.,aac3495c1069,E2,es,2,[],modelo,aac3495c1069_E2_es_1.png,987,625,True
gpt-6-luna__p5,.,ac1e68a880cb,E4,es,2,[],pdf,ac1e68a880cb_E4_es_1.png,813,171,True
gpt-6-luna__p5,.,ad5e5f0a2ac6,E1,es,1,[],pdf,ad5e5f0a2ac6_E1_es_1.png,763,481,True
gpt-6-luna__p5,.,ad5e5f0a2ac6,E2,es,2,[],pdf,ad5e5f0a2ac6_E2_es_1.png,1213,314,True
gpt-6-luna__p5,.,b33ba5342851,E1,es,1,[],pdf,b33ba5342851_E1_es_1.png,1205,302,True
gpt-6-luna__p5,.,b33ba5342851,E2,es,2,[],pdf,b33ba5342851_E2_es_1.png,1204,653,True
gpt-6-luna__p5,.,b33f8ac01792,E1,es,3,[],pdf,b33f8ac01792_E1_es_1.png,1418,1491,True
gpt-6-luna__p5,.,b3ab481497c0,E1,va,1,[],modelo,b3ab481497c0_E1_va_1.png,1185,726,True
gpt-6-luna__p5,.,b3ab481497c0,E1,es,3,[],modelo,b3ab481497c0_E1_es_2.png,1185,726,True
gpt-6-luna__p5,.,b5604273f1c3,E1,es,3,[],pdf,b5604273f1c3_E1_es_1.png,1418,1491,True
gpt-6-luna__p5,.,b7806bfd43fe,E1,es,1,[],pdf,b7806bfd43fe_E1_es_1.png,1127,348,True
gpt-6-luna__p5,.,b7806bfd43fe,E2,es,2,[],pdf,b7806bfd43fe_E2_es_1.png,445,670,True
gpt-6-luna__p5,.,b8fa0d73f649,E1,va,2,[],modelo,b8fa0d73f649_E1_va_1.png,375,240,True
gpt-6-luna__p5,.,b8fa0d73f649,E1,es,3,[],modelo,b8fa0d73f649_E1_es_2.png,375,242,True
gpt-6-luna__p5,.,be3eae38d7a8,E1,es,1,[],pdf,be3eae38d7a8_E1_es_1.png,507,528,True
gpt-6-luna__p5,.,be3eae38d7a8,E2,es,2,[],pdf,be3eae38d7a8_E2_es_1.png,662,546,True
gpt-6-luna__p5,.,c09cb7258334,E1,es,1,[],pdf,c09cb7258334_E1_es_1.png,692,498,True
gpt-6-luna__p5,.,c09cb7258334,E2,es,2,[],pdf,c09cb7258334_E2_es_1.png,909,511,True
gpt-6-luna__p5,.,c422fff5f7b9,E1,es,1,[],pdf,c422fff5f7b9_E1_es_1.png,811,550,True
gpt-6-luna__p5,.,c422fff5f7b9,E2,es,2,[],modelo,c422fff5f7b9_E2_es_1.png,1113,504,True
gpt-6-luna__p5,.,c84f682ed0b2,E1,es,1,[],pdf,c84f682ed0b2_E1_es_1.png,744,444,True
gpt-6-luna__p5,.,c84f682ed0b2,E2,es,2,[],modelo,c84f682ed0b2_E2_es_1.png,1038,539,True
gpt-6-luna__p5,.,cbf947ff0c0c,E1,va,3,[],pdf,cbf947ff0c0c_E1_va_1.png,1203,568,True
gpt-6-luna__p5,.,cbf947ff0c0c,E1,es,7,[],pdf,cbf947ff0c0c_E1_es_2.png,1203,569,True
gpt-6-luna__p5,.,cbf947ff0c0c,E2,va,4,[],pdf,cbf947ff0c0c_E2_va_1.png,1195,591,True
gpt-6-luna__p5,.,cbf947ff0c0c,E2,es,8,[],pdf,cbf947ff0c0c_E2_es_2.png,1195,591,True
gpt-6-luna__p5,.,cbf947ff0c0c,E3,va,2,[],modelo,cbf947ff0c0c_E3_va_1.png,1616,563,True
gpt-6-luna__p5,.,cbf947ff0c0c,E3,es,6,[],modelo,cbf947ff0c0c_E3_es_2.png,1616,563,True
gpt-6-luna__p5,.,cc4ce021beb2,E1,es,1,[],pdf,cc4ce021beb2_E1_es_1.png,794,541,True
gpt-6-luna__p5,.,cc4ce021beb2,E2,es,2,[],modelo,cc4ce021beb2_E2_es_1.png,1211,798,True
gpt-6-luna__p5,.,cdd0f4f759e1,E2,va,2,[],pdf,cdd0f4f759e1_E2_va_1.png,1423,935,True
gpt-6-luna__p5,.,cdd0f4f759e1,E2,es,4,[],pdf,cdd0f4f759e1_E2_es_2.png,1423,935,True
gpt-6-luna__p5,.,ce6f09d504dc,E1,es,1,[],pdf,ce6f09d504dc_E1_es_1.png,644,606,True
gpt-6-luna__p5,.,ce6f09d504dc,E2,es,2,[],modelo,ce6f09d504dc_E2_es_1.png,1131,771,True
gpt-6-luna__p5,.,cf8f175f86e7,E1,es,3,[],pdf,cf8f175f86e7_E1_es_1.png,1379,1380,True
gpt-6-luna__p5,.,cf8f175f86e7,E2,es,4,[],pdf,cf8f175f86e7_E2_es_1.png,1379,1405,True
gpt-6-luna__p5,.,cf8f175f86e7,E3,es,5,[],pdf,cf8f175f86e7_E3_es_1.png,1379,1380,True
gpt-6-luna__p5,.,cf8f175f86e7,E4,es,6,[],pdf,cf8f175f86e7_E4_es_1.png,1379,1380,True
gpt-6-luna__p5,.,d0cb552cbd36,E1,es,1,[],pdf,d0cb552cbd36_E1_es_1.png,897,513,True
gpt-6-luna__p5,.,d0cb552cbd36,E2,es,2,[],modelo,d0cb552cbd36_E2_es_1.png,558,680,True
gpt-6-luna__p5,.,d487a226ab90,E1,es,1,[],pdf,d487a226ab90_E1_es_1.png,687,530,True
gpt-6-luna__p5,.,d487a226ab90,E2,es,2,[],pdf,d487a226ab90_E2_es_1.png,1500,360,True
gpt-6-luna__p5,.,d5bb406de29e,E1,es,1,[],pdf,d5bb406de29e_E1_es_1.png,844,578,True
gpt-6-luna__p5,.,d5bb406de29e,E2,es,2,[],pdf,d5bb406de29e_E2_es_1.png,982,471,True
gpt-6-luna__p5,.,dff10bd824da,E1,es,3,[],pdf,dff10bd824da_E1_es_1.png,1336,1405,True
gpt-6-luna__p5,.,e1f43a3363d4,E1,va,2,[],modelo,e1f43a3363d4_E1_va_1.png,1500,399,True
gpt-6-luna__p5,.,e1f43a3363d4,E1,es,5,[],modelo,e1f43a3363d4_E1_es_2.png,1384,410,True
gpt-6-luna__p5,.,e1f43a3363d4,E2,va,3,[],modelo,e1f43a3363d4_E2_va_1.png,715,293,True
gpt-6-luna__p5,.,e1f43a3363d4,E2,es,6,[],modelo,e1f43a3363d4_E2_es_2.png,715,305,True
gpt-6-luna__p5,.,e2595a3b7e0d,E1,va,2,[],modelo,e2595a3b7e0d_E1_va_1.png,310,399,True
gpt-6-luna__p5,.,e2595a3b7e0d,E1,es,3,[],modelo,e2595a3b7e0d_E1_es_2.png,310,399,True
gpt-6-luna__p5,.,e28ef720b913,E1,es,3,[],pdf,e28ef720b913_E1_es_1.png,1418,1491,True
gpt-6-luna__p5,.,e28ef720b913,E2,es,3,[],pdf,e28ef720b913_E2_es_1.png,1086,393,True
gpt-6-luna__p5,.,e300944f0ec3,E2,va,2,[],pdf,e300944f0ec3_E2_va_1.png,1517,1304,True
gpt-6-luna__p5,.,e300944f0ec3,E4,va,3,[],pdf,e300944f0ec3_E4_va_1.png,1459,1064,True
gpt-6-luna__p5,.,e71581fd27e5,E1,es,1,[],modelo,e71581fd27e5_E1_es_1.png,700,330,True
gpt-6-luna__p5,.,e71581fd27e5,E2,es,3,[],pdf,e71581fd27e5_E2_es_1.png,1086,393,True
gpt-6-luna__p5,.,e71581fd27e5,E3,es,3,[],pdf,e71581fd27e5_E3_es_1.png,1418,1491,True
gpt-6-luna__p5,.,e731338592c5,E1,otro,2,[],pdf,e731338592c5_E1_otro_1.png,1463,745,True
gpt-6-luna__p5,.,e731338592c5,E2,otro,2,[],pdf,e731338592c5_E2_otro_1.png,1530,1014,True
gpt-6-luna__p5,.,e731338592c5,E3,otro,3,[],modelo,e731338592c5_E3_otro_1.png,1501,936,True
gpt-6-luna__p5,.,e731338592c5,E4,otro,3,[],pdf,e731338592c5_E4_otro_1.png,1519,830,True
gpt-6-luna__p5,.,e734936a32d3,E1,va,5,[],modelo,e734936a32d3_E1_va_1.png,1635,2176,True
gpt-6-luna__p5,.,e734936a32d3,E1,va,6,[],modelo,e734936a32d3_E1_va_2.png,1635,1334,True
gpt-6-luna__p5,.,e7907173dac8,E3,va,2,[],modelo,e7907173dac8_E3_va_1.png,1401,244,True
gpt-6-luna__p5,.,e887d3851c95,E1,es,3,[],pdf,e887d3851c95_E1_es_1.png,1336,1405,True
gpt-6-luna__p5,.,e887d3851c95,E2,es,3,[],pdf,e887d3851c95_E2_es_1.png,1022,371,True
gpt-6-luna__p5,.,e96e07529cae,E1,es,5,[],modelo,e96e07529cae_E1_es_1.png,1583,2292,True
gpt-6-luna__p5,.,e96e07529cae,E1,es,6,[],modelo,e96e07529cae_E1_es_2.png,1583,2176,True
gpt-6-luna__p5,.,ed03ea4e6cf8,E2,es,3,[],pdf,ed03ea4e6cf8_E2_es_1.png,1465,919,True
gpt-6-luna__p5,.,ed03ea4e6cf8,E4,es,7,[],pdf,ed03ea4e6cf8_E4_es_1.png,1523,1024,True
gpt-6-luna__p5,.,ed9f75746f60,E1,va,2,[],pdf,ed9f75746f60_E1_va_1.png,342,323,True
gpt-6-luna__p5,.,ed9f75746f60,E1,es,3,[],pdf,ed9f75746f60_E1_es_2.png,343,323,True
gpt-6-luna__p5,.,f14d74605043,E1,es,2,[],modelo,f14d74605043_E1_es_1.png,462,374,True
gpt-6-luna__p5,.,f14d74605043,E2,es,3,[],pdf,f14d74605043_E2_es_1.png,1086,393,True
gpt-6-luna__p5,.,f14d74605043,E3,es,3,[],pdf,f14d74605043_E3_es_1.png,1418,1491,True
gpt-6-luna__p5,.,f6ae3b95185b,E1,va,2,[],modelo,f6ae3b95185b_E1_va_1.png,630,516,True
gpt-6-luna__p5,.,f6ae3b95185b,E1,es,3,[],modelo,f6ae3b95185b_E1_es_2.png,658,492,True
gpt-6-luna__p5,.,f7ba90e6218e,E1,es,1,[],pdf,f7ba90e6218e_E1_es_1.png,934,623,True
gpt-6-luna__p5,.,f7ba90e6218e,E2,es,2,[],pdf,f7ba90e6218e_E2_es_1.png,1154,576,True
gpt-6-luna__p5,.,f88f210f0efc,E1,es,1,[],pdf,f88f210f0efc_E1_es_1.png,954,655,True
gpt-6-luna__p5,.,f88f210f0efc,E2,es,2,[],pdf,f88f210f0efc_E2_es_1.png,867,586,True
gpt-6-luna__p5,.,f924b77166cd,E1,es,1,[],pdf,f924b77166cd_E1_es_1.png,372,469,True
gpt-6-luna__p5,.,f924b77166cd,E2,es,2,[],pdf,f924b77166cd_E2_es_1.png,673,503,True
gpt-6-luna__p5,.,fa08351c342d,E1,es,1,[],pdf,fa08351c342d_E1_es_1.png,765,439,True
gpt-6-luna__p5,.,fa08351c342d,E2,es,2,[],modelo,fa08351c342d_E2_es_1.png,1378,611,True
gpt-6-luna__p5,.,fae5d170fbef,E1,es,1,[],pdf,fae5d170fbef_E1_es_1.png,644,437,True
gpt-6-luna__p5,.,fae5d170fbef,E2,es,2,[],pdf,fae5d170fbef_E2_es_1.png,703,447,True
gpt-6-luna__p5,.,fdd6ca513f80,E1,otro,2,[],pdf,fdd6ca513f80_E1_otro_1.png,1340,989,True
gpt-6-luna__p5,.,fdd6ca513f80,E2,otro,3,[],pdf,fdd6ca513f80_E2_otro_1.png,911,977,True
gpt-6-luna__p5,.,fdd6ca513f80,E3,otro,5,[],pdf,fdd6ca513f80_E3_otro_1.png,1352,516,True
gpt-6-luna__p5,.,fdd6ca513f80,E4,otro,6,[],pdf,fdd6ca513f80_E4_otro_1.png,1329,1514,True
gpt-6-luna__p5,.,fdd6ca513f80,E5,otro,7,[],pdf,fdd6ca513f80_E5_otro_1.png,812,168,True
gpt-6-luna__p5,.,fdd6ca513f80,E6,otro,7,[],modelo,fdd6ca513f80_E6_otro_1.png,739,469,True
gpt-6-luna__p5,.,fdd6ca513f80,E7,otro,8,[],modelo,fdd6ca513f80_E7_otro_1.png,475,445,True
gpt-6-luna__p5,.,fdd6ca513f80,E8,otro,8,[],modelo,fdd6ca513f80_E8_otro_1.png,542,539,True
