documento,origen,nodo,idioma,pagina,tipo_nodo,estado_auditoria,resultado_revision,metodo_contenido,hallazgos_auditoria
09feb8541d90,academia,n2,es,1,pregunta,confirmado,Sin divergencia sustancial detectada dentro del alcance descrito,"Cotejo léxico de texto completo y revisión manual de atribución, tema y casos divergentes; sin certificación semántica exhaustiva de cada frase",[]
09feb8541d90,academia,n3,es,2,pregunta,confirmado,Defectos o límites documentados: S09,"Cotejo léxico de texto completo y revisión manual de atribución, tema y casos divergentes; sin certificación semántica exhaustiva de cada frase",['S09']
09feb8541d90,academia,n5,es,2,pregunta,confirmado,Sin divergencia sustancial detectada dentro del alcance descrito,"Cotejo léxico de texto completo y revisión manual de atribución, tema y casos divergentes; sin certificación semántica exhaustiva de cada frase",[]
09feb8541d90,academia,n6,es,3,pregunta,confirmado,Sin divergencia sustancial detectada dentro del alcance descrito,"Cotejo léxico de texto completo y revisión manual de atribución, tema y casos divergentes; sin certificación semántica exhaustiva de cada frase",[]
09feb8541d90,academia,n8,es,4,apartado,confirmado,Sin divergencia sustancial detectada dentro del alcance descrito,"Cotejo léxico de texto completo y revisión manual de atribución, tema y casos divergentes; sin certificación semántica exhaustiva de cada frase",[]
09feb8541d90,academia,n9,es,4,apartado,confirmado,Sin divergencia sustancial detectada dentro del alcance descrito,"Cotejo léxico de texto completo y revisión manual de atribución, tema y casos divergentes; sin certificación semántica exhaustiva de cada frase",[]
09feb8541d90,academia,n10,es,4,apartado,confirmado,Sin divergencia sustancial detectada dentro del alcance descrito,"Cotejo léxico de texto completo y revisión manual de atribución, tema y casos divergentes; sin certificación semántica exhaustiva de cada frase",[]
09feb8541d90,academia,n11,es,4,apartado,confirmado,Sin divergencia sustancial detectada dentro del alcance descrito,"Cotejo léxico de texto completo y revisión manual de atribución, tema y casos divergentes; sin certificación semántica exhaustiva de cada frase",[]
09feb8541d90,academia,n13,es,4,pregunta,confirmado,Sin divergencia sustancial detectada dentro del alcance descrito,"Cotejo léxico de texto completo y revisión manual de atribución, tema y casos divergentes; sin certificación semántica exhaustiva de cada frase",[]
09feb8541d90,academia,n14,es,5,pregunta,confirmado,Sin divergencia sustancial detectada dentro del alcance descrito,"Cotejo léxico de texto completo y revisión manual de atribución, tema y casos divergentes; sin certificación semántica exhaustiva de cada frase",[]
09feb8541d90,academia,n16,es,6,pregunta,confirmado,Sin divergencia sustancial detectada dentro del alcance descrito,"Cotejo léxico de texto completo y revisión manual de atribución, tema y casos divergentes; sin certificación semántica exhaustiva de cada frase",[]
09feb8541d90,academia,n17,es,8,pregunta,confirmado,Sin divergencia sustancial detectada dentro del alcance descrito,"Cotejo léxico de texto completo y revisión manual de atribución, tema y casos divergentes; sin certificación semántica exhaustiva de cada frase",[]
16d0161b5c29,academia,n2,es,1,pregunta,confirmado,Sin divergencia sustancial detectada dentro del alcance descrito,"Cotejo léxico de texto completo y revisión manual de atribución, tema y casos divergentes; sin certificación semántica exhaustiva de cada frase",[]
16d0161b5c29,academia,n3,es,1,pregunta,confirmado,Sin divergencia sustancial detectada dentro del alcance descrito,"Cotejo léxico de texto completo y revisión manual de atribución, tema y casos divergentes; sin certificación semántica exhaustiva de cada frase",[]
16d0161b5c29,academia,n5,es,1,pregunta,confirmado,Sin divergencia sustancial detectada dentro del alcance descrito,"Cotejo léxico de texto completo y revisión manual de atribución, tema y casos divergentes; sin certificación semántica exhaustiva de cada frase",[]
16d0161b5c29,academia,n6,es,2,pregunta,confirmado,Sin divergencia sustancial detectada dentro del alcance descrito,"Cotejo léxico de texto completo y revisión manual de atribución, tema y casos divergentes; sin certificación semántica exhaustiva de cada frase",[]
16d0161b5c29,academia,n8,es,2,apartado,confirmado,Sin divergencia sustancial detectada dentro del alcance descrito,"Cotejo léxico de texto completo y revisión manual de atribución, tema y casos divergentes; sin certificación semántica exhaustiva de cada frase",[]
16d0161b5c29,academia,n9,es,2,apartado,confirmado,Sin divergencia sustancial detectada dentro del alcance descrito,"Cotejo léxico de texto completo y revisión manual de atribución, tema y casos divergentes; sin certificación semántica exhaustiva de cada frase",[]
16d0161b5c29,academia,n10,es,2,apartado,confirmado,Sin divergencia sustancial detectada dentro del alcance descrito,"Cotejo léxico de texto completo y revisión manual de atribución, tema y casos divergentes; sin certificación semántica exhaustiva de cada frase",[]
16d0161b5c29,academia,n11,es,2,apartado,confirmado,Sin divergencia sustancial detectada dentro del alcance descrito,"Cotejo léxico de texto completo y revisión manual de atribución, tema y casos divergentes; sin certificación semántica exhaustiva de cada frase",[]
16d0161b5c29,academia,n13,es,2,pregunta,confirmado,Sin divergencia sustancial detectada dentro del alcance descrito,"Cotejo léxico de texto completo y revisión manual de atribución, tema y casos divergentes; sin certificación semántica exhaustiva de cada frase",[]
16d0161b5c29,academia,n14,es,5,pregunta,confirmado,Sin divergencia sustancial detectada dentro del alcance descrito,"Cotejo léxico de texto completo y revisión manual de atribución, tema y casos divergentes; sin certificación semántica exhaustiva de cada frase",[]
16d0161b5c29,academia,n16,es,8,pregunta,confirmado,Sin divergencia sustancial detectada dentro del alcance descrito,"Cotejo léxico de texto completo y revisión manual de atribución, tema y casos divergentes; sin certificación semántica exhaustiva de cada frase",[]
16d0161b5c29,academia,n17,es,9,pregunta,confirmado,Sin divergencia sustancial detectada dentro del alcance descrito,"Cotejo léxico de texto completo y revisión manual de atribución, tema y casos divergentes; sin certificación semántica exhaustiva de cada frase",[]
1b0c55921d01,academia,n2,es,1,pregunta,confirmado,Sin divergencia sustancial detectada dentro del alcance descrito,"Cotejo léxico de texto completo y revisión manual de atribución, tema y casos divergentes; sin certificación semántica exhaustiva de cada frase",[]
1b0c55921d01,academia,n3,es,1,pregunta,confirmado,Sin divergencia sustancial detectada dentro del alcance descrito,"Cotejo léxico de texto completo y revisión manual de atribución, tema y casos divergentes; sin certificación semántica exhaustiva de cada frase",[]
1b0c55921d01,academia,n5,es,2,pregunta,confirmado,Sin divergencia sustancial detectada dentro del alcance descrito,"Cotejo léxico de texto completo y revisión manual de atribución, tema y casos divergentes; sin certificación semántica exhaustiva de cada frase",[]
1b0c55921d01,academia,n6,es,2,pregunta,confirmado,Sin divergencia sustancial detectada dentro del alcance descrito,"Cotejo léxico de texto completo y revisión manual de atribución, tema y casos divergentes; sin certificación semántica exhaustiva de cada frase",[]
1b0c55921d01,academia,n8,es,3,apartado,confirmado,Sin divergencia sustancial detectada dentro del alcance descrito,"Cotejo léxico de texto completo y revisión manual de atribución, tema y casos divergentes; sin certificación semántica exhaustiva de cada frase",[]
1b0c55921d01,academia,n9,es,3,apartado,confirmado,Sin divergencia sustancial detectada dentro del alcance descrito,"Cotejo léxico de texto completo y revisión manual de atribución, tema y casos divergentes; sin certificación semántica exhaustiva de cada frase",[]
1b0c55921d01,academia,n10,es,3,apartado,confirmado,Sin divergencia sustancial detectada dentro del alcance descrito,"Cotejo léxico de texto completo y revisión manual de atribución, tema y casos divergentes; sin certificación semántica exhaustiva de cada frase",[]
1b0c55921d01,academia,n11,es,4,apartado,confirmado,Sin divergencia sustancial detectada dentro del alcance descrito,"Cotejo léxico de texto completo y revisión manual de atribución, tema y casos divergentes; sin certificación semántica exhaustiva de cada frase",[]
1b0c55921d01,academia,n13,es,4,pregunta,confirmado,Sin divergencia sustancial detectada dentro del alcance descrito,"Cotejo léxico de texto completo y revisión manual de atribución, tema y casos divergentes; sin certificación semántica exhaustiva de cada frase",[]
1b0c55921d01,academia,n14,es,5,pregunta,confirmado,Sin divergencia sustancial detectada dentro del alcance descrito,"Cotejo léxico de texto completo y revisión manual de atribución, tema y casos divergentes; sin certificación semántica exhaustiva de cada frase",[]
1b0c55921d01,academia,n16,es,7,pregunta,confirmado,Defectos o límites documentados: S10,"Cotejo léxico de texto completo y revisión manual de atribución, tema y casos divergentes; sin certificación semántica exhaustiva de cada frase",['S10']
1b0c55921d01,academia,n17,es,7,pregunta,confirmado,Sin divergencia sustancial detectada dentro del alcance descrito,"Cotejo léxico de texto completo y revisión manual de atribución, tema y casos divergentes; sin certificación semántica exhaustiva de cada frase",[]
25fcf7208b8f,academia,n2,es,1,apartado,confirmado,Defectos o límites documentados: S12,Lectura visual de las páginas de solución y contraste de texto/fórmulas,['S12']
25fcf7208b8f,academia,n3,es,2,apartado,confirmado,Defectos o límites documentados: S12,Lectura visual de las páginas de solución y contraste de texto/fórmulas,['S12']
25fcf7208b8f,academia,n5,es,3,apartado,confirmado,Defectos o límites documentados: S12,Lectura visual de las páginas de solución y contraste de texto/fórmulas,['S12']
25fcf7208b8f,academia,n6,es,3,apartado,confirmado,Sin divergencia sustancial detectada dentro del alcance descrito,Lectura visual de las páginas de solución y contraste de texto/fórmulas,[]
25fcf7208b8f,academia,n7,es,3,apartado,confirmado,Defectos o límites documentados: S02,Lectura visual de las páginas de solución y contraste de texto/fórmulas,['S02']
25fcf7208b8f,academia,n9,es,4,apartado,confirmado,Defectos o límites documentados: S12,Lectura visual de las páginas de solución y contraste de texto/fórmulas,['S12']
25fcf7208b8f,academia,n10,es,4,apartado,confirmado,Defectos o límites documentados: S12,Lectura visual de las páginas de solución y contraste de texto/fórmulas,['S12']
25fcf7208b8f,academia,n11,es,4,apartado,confirmado,Sin divergencia sustancial detectada dentro del alcance descrito,Lectura visual de las páginas de solución y contraste de texto/fórmulas,[]
25fcf7208b8f,academia,n13,es,5,apartado,confirmado,Defectos o límites documentados: S12,Lectura visual de las páginas de solución y contraste de texto/fórmulas,['S12']
25fcf7208b8f,academia,n14,es,5,apartado,confirmado,Sin divergencia sustancial detectada dentro del alcance descrito,Lectura visual de las páginas de solución y contraste de texto/fórmulas,[]
25fcf7208b8f,academia,n15,es,5,apartado,confirmado,Defectos o límites documentados: S03,Lectura visual de las páginas de solución y contraste de texto/fórmulas,['S03']
25fcf7208b8f,academia,n16,es,6,pregunta,confirmado,Defectos o límites documentados: S12,Lectura visual de las páginas de solución y contraste de texto/fórmulas,['S12']
25fcf7208b8f,academia,n18,es,7,apartado,confirmado,Sin divergencia sustancial detectada dentro del alcance descrito,Lectura visual de las páginas de solución y contraste de texto/fórmulas,[]
25fcf7208b8f,academia,n19,es,7,apartado,confirmado,Defectos o límites documentados: S12,Lectura visual de las páginas de solución y contraste de texto/fórmulas,['S12']
25fcf7208b8f,academia,n20,es,7,apartado,confirmado,Defectos o límites documentados: S12,Lectura visual de las páginas de solución y contraste de texto/fórmulas,['S12']
25fcf7208b8f,academia,n22,es,8,apartado,confirmado,Defectos o límites documentados: S12,Lectura visual de las páginas de solución y contraste de texto/fórmulas,['S12']
25fcf7208b8f,academia,n23,es,8,apartado,confirmado,Defectos o límites documentados: S12,Lectura visual de las páginas de solución y contraste de texto/fórmulas,['S12']
25fcf7208b8f,academia,n24,es,8,apartado,confirmado,Defectos o límites documentados: S12,Lectura visual de las páginas de solución y contraste de texto/fórmulas,['S12']
25fcf7208b8f,academia,n26,es,9,apartado,confirmado,Sin divergencia sustancial detectada dentro del alcance descrito,Lectura visual de las páginas de solución y contraste de texto/fórmulas,[]
25fcf7208b8f,academia,n27,es,9,apartado,confirmado,Sin divergencia sustancial detectada dentro del alcance descrito,Lectura visual de las páginas de solución y contraste de texto/fórmulas,[]
25fcf7208b8f,academia,n28,es,9,apartado,confirmado,Sin divergencia sustancial detectada dentro del alcance descrito,Lectura visual de las páginas de solución y contraste de texto/fórmulas,[]
334e3227bf82,academia,n2,es,1,pregunta,confirmado,Sin divergencia sustancial detectada dentro del alcance descrito,"Cotejo léxico de texto completo y revisión manual de atribución, tema y casos divergentes; sin certificación semántica exhaustiva de cada frase",[]
334e3227bf82,academia,n3,es,1,pregunta,confirmado,Sin divergencia sustancial detectada dentro del alcance descrito,"Cotejo léxico de texto completo y revisión manual de atribución, tema y casos divergentes; sin certificación semántica exhaustiva de cada frase",[]
334e3227bf82,academia,n5,es,2,pregunta,confirmado,Sin divergencia sustancial detectada dentro del alcance descrito,"Cotejo léxico de texto completo y revisión manual de atribución, tema y casos divergentes; sin certificación semántica exhaustiva de cada frase",[]
334e3227bf82,academia,n6,es,3,pregunta,confirmado,Sin divergencia sustancial detectada dentro del alcance descrito,"Cotejo léxico de texto completo y revisión manual de atribución, tema y casos divergentes; sin certificación semántica exhaustiva de cada frase",[]
334e3227bf82,academia,n8,es,5,apartado,confirmado,Defectos o límites documentados: S06,"Cotejo léxico de texto completo y revisión manual de atribución, tema y casos divergentes; sin certificación semántica exhaustiva de cada frase",['S06']
334e3227bf82,academia,n9,es,5,apartado,confirmado,Defectos o límites documentados: S06,"Cotejo léxico de texto completo y revisión manual de atribución, tema y casos divergentes; sin certificación semántica exhaustiva de cada frase",['S06']
334e3227bf82,academia,n10,es,5,apartado,confirmado,Defectos o límites documentados: S06,"Cotejo léxico de texto completo y revisión manual de atribución, tema y casos divergentes; sin certificación semántica exhaustiva de cada frase",['S06']
334e3227bf82,academia,n11,es,6,apartado,confirmado,Defectos o límites documentados: S06,"Cotejo léxico de texto completo y revisión manual de atribución, tema y casos divergentes; sin certificación semántica exhaustiva de cada frase",['S06']
334e3227bf82,academia,n13,es,6,pregunta,confirmado,Sin divergencia sustancial detectada dentro del alcance descrito,"Cotejo léxico de texto completo y revisión manual de atribución, tema y casos divergentes; sin certificación semántica exhaustiva de cada frase",[]
334e3227bf82,academia,n14,es,7,pregunta,confirmado,Sin divergencia sustancial detectada dentro del alcance descrito,"Cotejo léxico de texto completo y revisión manual de atribución, tema y casos divergentes; sin certificación semántica exhaustiva de cada frase",[]
334e3227bf82,academia,n16,es,7,pregunta,confirmado,Sin divergencia sustancial detectada dentro del alcance descrito,"Cotejo léxico de texto completo y revisión manual de atribución, tema y casos divergentes; sin certificación semántica exhaustiva de cada frase",[]
334e3227bf82,academia,n17,es,8,pregunta,confirmado,Sin divergencia sustancial detectada dentro del alcance descrito,"Cotejo léxico de texto completo y revisión manual de atribución, tema y casos divergentes; sin certificación semántica exhaustiva de cada frase",[]
6426459db740,academia,n3,es,1,pregunta,confirmado,Sin divergencia sustancial detectada dentro del alcance descrito,"Cotejo léxico de texto completo y revisión manual de atribución, tema y casos divergentes; sin certificación semántica exhaustiva de cada frase",[]
6426459db740,academia,n4,es,1,pregunta,confirmado,Sin divergencia sustancial detectada dentro del alcance descrito,"Cotejo léxico de texto completo y revisión manual de atribución, tema y casos divergentes; sin certificación semántica exhaustiva de cada frase",[]
6426459db740,academia,n5,es,2,pregunta,confirmado,Sin divergencia sustancial detectada dentro del alcance descrito,"Cotejo léxico de texto completo y revisión manual de atribución, tema y casos divergentes; sin certificación semántica exhaustiva de cada frase",[]
6426459db740,academia,n6,es,2,pregunta,confirmado,Sin divergencia sustancial detectada dentro del alcance descrito,"Cotejo léxico de texto completo y revisión manual de atribución, tema y casos divergentes; sin certificación semántica exhaustiva de cada frase",[]
6426459db740,academia,n7,es,2,pregunta,confirmado,Sin divergencia sustancial detectada dentro del alcance descrito,"Cotejo léxico de texto completo y revisión manual de atribución, tema y casos divergentes; sin certificación semántica exhaustiva de cada frase",[]
6426459db740,academia,n8,es,3,pregunta,confirmado,Sin divergencia sustancial detectada dentro del alcance descrito,"Cotejo léxico de texto completo y revisión manual de atribución, tema y casos divergentes; sin certificación semántica exhaustiva de cada frase",[]
6426459db740,academia,n10,es,7,pregunta,confirmado,Sin divergencia sustancial detectada dentro del alcance descrito,"Cotejo léxico de texto completo y revisión manual de atribución, tema y casos divergentes; sin certificación semántica exhaustiva de cada frase",[]
6426459db740,academia,n11,es,7,pregunta,confirmado,Sin divergencia sustancial detectada dentro del alcance descrito,"Cotejo léxico de texto completo y revisión manual de atribución, tema y casos divergentes; sin certificación semántica exhaustiva de cada frase",[]
6426459db740,academia,n12,es,8,pregunta,confirmado,Sin divergencia sustancial detectada dentro del alcance descrito,"Cotejo léxico de texto completo y revisión manual de atribución, tema y casos divergentes; sin certificación semántica exhaustiva de cada frase",[]
6426459db740,academia,n13,es,8,pregunta,confirmado,Sin divergencia sustancial detectada dentro del alcance descrito,"Cotejo léxico de texto completo y revisión manual de atribución, tema y casos divergentes; sin certificación semántica exhaustiva de cada frase",[]
6426459db740,academia,n14,es,8,pregunta,confirmado,Sin divergencia sustancial detectada dentro del alcance descrito,"Cotejo léxico de texto completo y revisión manual de atribución, tema y casos divergentes; sin certificación semántica exhaustiva de cada frase",[]
6426459db740,academia,n15,es,9,pregunta,confirmado,Sin divergencia sustancial detectada dentro del alcance descrito,"Cotejo léxico de texto completo y revisión manual de atribución, tema y casos divergentes; sin certificación semántica exhaustiva de cada frase",[]
6426459db740,academia,n18,es,3,apartado,confirmado,Sin divergencia sustancial detectada dentro del alcance descrito,"Cotejo léxico de texto completo y revisión manual de atribución, tema y casos divergentes; sin certificación semántica exhaustiva de cada frase",[]
6426459db740,academia,n19,es,3,apartado,confirmado,Sin divergencia sustancial detectada dentro del alcance descrito,"Cotejo léxico de texto completo y revisión manual de atribución, tema y casos divergentes; sin certificación semántica exhaustiva de cada frase",[]
6426459db740,academia,n21,es,9,apartado,confirmado,Sin divergencia sustancial detectada dentro del alcance descrito,"Cotejo léxico de texto completo y revisión manual de atribución, tema y casos divergentes; sin certificación semántica exhaustiva de cada frase",[]
6426459db740,academia,n22,es,9,apartado,confirmado,Sin divergencia sustancial detectada dentro del alcance descrito,"Cotejo léxico de texto completo y revisión manual de atribución, tema y casos divergentes; sin certificación semántica exhaustiva de cada frase",[]
6426459db740,academia,n24,es,4,pregunta,confirmado,Sin divergencia sustancial detectada dentro del alcance descrito,"Cotejo léxico de texto completo y revisión manual de atribución, tema y casos divergentes; sin certificación semántica exhaustiva de cada frase",[]
6426459db740,academia,n26,es,10,apartado,confirmado,Sin divergencia sustancial detectada dentro del alcance descrito,"Cotejo léxico de texto completo y revisión manual de atribución, tema y casos divergentes; sin certificación semántica exhaustiva de cada frase",[]
6426459db740,academia,n27,es,10,apartado,confirmado,Sin divergencia sustancial detectada dentro del alcance descrito,"Cotejo léxico de texto completo y revisión manual de atribución, tema y casos divergentes; sin certificación semántica exhaustiva de cada frase",[]
6426459db740,academia,n28,es,11,apartado,confirmado,Sin divergencia sustancial detectada dentro del alcance descrito,"Cotejo léxico de texto completo y revisión manual de atribución, tema y casos divergentes; sin certificación semántica exhaustiva de cada frase",[]
0743849de2d6,oficial,n3,es,5,apartado,confirmado,Sin divergencia sustancial detectada dentro del alcance descrito,"Cotejo léxico de texto completo y revisión manual de atribución, tema y casos divergentes; sin certificación semántica exhaustiva de cada frase",[]
0743849de2d6,oficial,n5,es,5,apartado,confirmado,Sin divergencia sustancial detectada dentro del alcance descrito,"Cotejo léxico de texto completo y revisión manual de atribución, tema y casos divergentes; sin certificación semántica exhaustiva de cada frase",[]
0743849de2d6,oficial,n10,es,5,pregunta,confirmado,Defectos o límites documentados: S16,"Cotejo léxico de texto completo y revisión manual de atribución, tema y casos divergentes; sin certificación semántica exhaustiva de cada frase",['S16']
0743849de2d6,oficial,n11,es,6,pregunta,confirmado,Defectos o límites documentados: S16,"Cotejo léxico de texto completo y revisión manual de atribución, tema y casos divergentes; sin certificación semántica exhaustiva de cada frase",['S16']
0743849de2d6,oficial,n13,es,6,pregunta,confirmado,Sin divergencia sustancial detectada dentro del alcance descrito,"Cotejo léxico de texto completo y revisión manual de atribución, tema y casos divergentes; sin certificación semántica exhaustiva de cada frase",[]
0743849de2d6,oficial,n14,es,6,pregunta,confirmado,Sin divergencia sustancial detectada dentro del alcance descrito,"Cotejo léxico de texto completo y revisión manual de atribución, tema y casos divergentes; sin certificación semántica exhaustiva de cada frase",[]
0b7e227a5499,oficial,n3,es,5,apartado,confirmado,Sin divergencia sustancial detectada dentro del alcance descrito,Lectura visual de las páginas de solución y contraste de texto/fórmulas,[]
0b7e227a5499,oficial,n5,es,5,apartado,confirmado,Sin divergencia sustancial detectada dentro del alcance descrito,Lectura visual de las páginas de solución y contraste de texto/fórmulas,[]
0b7e227a5499,oficial,n6,es,5,apartado,confirmado,Sin divergencia sustancial detectada dentro del alcance descrito,Lectura visual de las páginas de solución y contraste de texto/fórmulas,[]
0b7e227a5499,oficial,n8,es,5,apartado,confirmado,Sin divergencia sustancial detectada dentro del alcance descrito,Lectura visual de las páginas de solución y contraste de texto/fórmulas,[]
0b7e227a5499,oficial,n9,es,5,apartado,confirmado,Sin divergencia sustancial detectada dentro del alcance descrito,Lectura visual de las páginas de solución y contraste de texto/fórmulas,[]
0b7e227a5499,oficial,n11,es,5,apartado,confirmado,Sin divergencia sustancial detectada dentro del alcance descrito,Lectura visual de las páginas de solución y contraste de texto/fórmulas,[]
0b7e227a5499,oficial,n12,es,5,apartado,confirmado,Sin divergencia sustancial detectada dentro del alcance descrito,Lectura visual de las páginas de solución y contraste de texto/fórmulas,[]
0b7e227a5499,oficial,n15,es,6,apartado,confirmado,Sin divergencia sustancial detectada dentro del alcance descrito,Lectura visual de las páginas de solución y contraste de texto/fórmulas,[]
0b7e227a5499,oficial,n16,es,6,apartado,confirmado,Sin divergencia sustancial detectada dentro del alcance descrito,Lectura visual de las páginas de solución y contraste de texto/fórmulas,[]
0b7e227a5499,oficial,n19,es,6,apartado,confirmado,Sin divergencia sustancial detectada dentro del alcance descrito,Lectura visual de las páginas de solución y contraste de texto/fórmulas,[]
0b7e227a5499,oficial,n20,es,6,apartado,confirmado,Sin divergencia sustancial detectada dentro del alcance descrito,Lectura visual de las páginas de solución y contraste de texto/fórmulas,[]
0b7e227a5499,oficial,n22,es,6,apartado,confirmado,Sin divergencia sustancial detectada dentro del alcance descrito,Lectura visual de las páginas de solución y contraste de texto/fórmulas,[]
0b7e227a5499,oficial,n23,es,6,apartado,confirmado,Sin divergencia sustancial detectada dentro del alcance descrito,Lectura visual de las páginas de solución y contraste de texto/fórmulas,[]
114bff1bacb1,oficial,n4,es,5,apartado,confirmado,Sin divergencia sustancial detectada dentro del alcance descrito,Lectura visual de las páginas de solución y contraste de texto/fórmulas,[]
114bff1bacb1,oficial,n6,es,5,apartado,confirmado,Sin divergencia sustancial detectada dentro del alcance descrito,Lectura visual de las páginas de solución y contraste de texto/fórmulas,[]
114bff1bacb1,oficial,n17,es,5,pregunta,confirmado,Defectos o límites documentados: S07,Lectura visual de las páginas de solución y contraste de texto/fórmulas,['S07']
114bff1bacb1,oficial,n20,es,5,pregunta,confirmado,Defectos o límites documentados: S15,Lectura visual de las páginas de solución y contraste de texto/fórmulas,['S15']
114bff1bacb1,oficial,n11,es,6,apartado,confirmado,Sin divergencia sustancial detectada dentro del alcance descrito,Lectura visual de las páginas de solución y contraste de texto/fórmulas,[]
114bff1bacb1,oficial,n13,es,6,apartado,confirmado,Sin divergencia sustancial detectada dentro del alcance descrito,Lectura visual de las páginas de solución y contraste de texto/fórmulas,[]
114bff1bacb1,oficial,n18,es,6,pregunta,confirmado,Defectos o límites documentados: S07,Lectura visual de las páginas de solución y contraste de texto/fórmulas,['S07']
114bff1bacb1,oficial,n21,es,6,pregunta,confirmado,Sin divergencia sustancial detectada dentro del alcance descrito,Lectura visual de las páginas de solución y contraste de texto/fórmulas,[]
184bfaad518f,oficial,n20,es,6,apartado,confirmado,Sin divergencia sustancial detectada dentro del alcance descrito,Lectura visual de las páginas de solución y contraste de texto/fórmulas,[]
184bfaad518f,oficial,n21,es,6,apartado,confirmado,Sin divergencia sustancial detectada dentro del alcance descrito,Lectura visual de las páginas de solución y contraste de texto/fórmulas,[]
184bfaad518f,oficial,n23,es,6,apartado,confirmado,Sin divergencia sustancial detectada dentro del alcance descrito,Lectura visual de las páginas de solución y contraste de texto/fórmulas,[]
184bfaad518f,oficial,n24,es,6,apartado,confirmado,Sin divergencia sustancial detectada dentro del alcance descrito,Lectura visual de las páginas de solución y contraste de texto/fórmulas,[]
184bfaad518f,oficial,n26,es,6,apartado,confirmado,Sin divergencia sustancial detectada dentro del alcance descrito,Lectura visual de las páginas de solución y contraste de texto/fórmulas,[]
184bfaad518f,oficial,n27,es,6,apartado,confirmado,Sin divergencia sustancial detectada dentro del alcance descrito,Lectura visual de las páginas de solución y contraste de texto/fórmulas,[]
184bfaad518f,oficial,n28,es,6,apartado,confirmado,Sin divergencia sustancial detectada dentro del alcance descrito,Lectura visual de las páginas de solución y contraste de texto/fórmulas,[]
184bfaad518f,oficial,n30,es,6,apartado,confirmado,Sin divergencia sustancial detectada dentro del alcance descrito,Lectura visual de las páginas de solución y contraste de texto/fórmulas,[]
184bfaad518f,oficial,n31,es,6,apartado,confirmado,Defectos o límites documentados: S01,Lectura visual de las páginas de solución y contraste de texto/fórmulas,['S01']
1bc800a06e3b,oficial,n1,es,6,pregunta,confirmado,Sin divergencia sustancial detectada dentro del alcance descrito,Lectura visual de las páginas de solución y contraste de texto/fórmulas,[]
1bc800a06e3b,oficial,n2,es,6,pregunta,confirmado,Sin divergencia sustancial detectada dentro del alcance descrito,Lectura visual de las páginas de solución y contraste de texto/fórmulas,[]
1bc800a06e3b,oficial,n4,es,6,apartado,confirmado,Sin divergencia sustancial detectada dentro del alcance descrito,Lectura visual de las páginas de solución y contraste de texto/fórmulas,[]
1bc800a06e3b,oficial,n5,es,6,apartado,confirmado,Sin divergencia sustancial detectada dentro del alcance descrito,Lectura visual de las páginas de solución y contraste de texto/fórmulas,[]
1bc800a06e3b,oficial,n6,es,6,apartado,confirmado,Sin divergencia sustancial detectada dentro del alcance descrito,Lectura visual de las páginas de solución y contraste de texto/fórmulas,[]
1bc800a06e3b,oficial,n8,es,6,apartado,confirmado,Sin divergencia sustancial detectada dentro del alcance descrito,Lectura visual de las páginas de solución y contraste de texto/fórmulas,[]
1bc800a06e3b,oficial,n9,es,6,apartado,confirmado,Sin divergencia sustancial detectada dentro del alcance descrito,Lectura visual de las páginas de solución y contraste de texto/fórmulas,[]
1bc800a06e3b,oficial,n10,es,6,apartado,confirmado,Sin divergencia sustancial detectada dentro del alcance descrito,Lectura visual de las páginas de solución y contraste de texto/fórmulas,[]
1bc800a06e3b,oficial,n12,es,7,apartado,confirmado,Sin divergencia sustancial detectada dentro del alcance descrito,Lectura visual de las páginas de solución y contraste de texto/fórmulas,[]
1bc800a06e3b,oficial,n13,es,7,apartado,confirmado,Sin divergencia sustancial detectada dentro del alcance descrito,Lectura visual de las páginas de solución y contraste de texto/fórmulas,[]
1bc800a06e3b,oficial,n15,es,7,apartado,confirmado,Sin divergencia sustancial detectada dentro del alcance descrito,Lectura visual de las páginas de solución y contraste de texto/fórmulas,[]
1bc800a06e3b,oficial,n16,es,7,apartado,confirmado,Sin divergencia sustancial detectada dentro del alcance descrito,Lectura visual de las páginas de solución y contraste de texto/fórmulas,[]
1bc800a06e3b,oficial,n17,es,7,apartado,confirmado,Sin divergencia sustancial detectada dentro del alcance descrito,Lectura visual de las páginas de solución y contraste de texto/fórmulas,[]
1bc800a06e3b,oficial,n19,es,7,apartado,confirmado,Sin divergencia sustancial detectada dentro del alcance descrito,Lectura visual de las páginas de solución y contraste de texto/fórmulas,[]
1bc800a06e3b,oficial,n20,es,7,apartado,confirmado,Sin divergencia sustancial detectada dentro del alcance descrito,Lectura visual de las páginas de solución y contraste de texto/fórmulas,[]
1bc800a06e3b,oficial,n21,es,7,apartado,confirmado,Sin divergencia sustancial detectada dentro del alcance descrito,Lectura visual de las páginas de solución y contraste de texto/fórmulas,[]
1bc800a06e3b,oficial,n23,es,7,apartado,confirmado,Sin divergencia sustancial detectada dentro del alcance descrito,Lectura visual de las páginas de solución y contraste de texto/fórmulas,[]
1bc800a06e3b,oficial,n24,es,7,apartado,confirmado,Sin divergencia sustancial detectada dentro del alcance descrito,Lectura visual de las páginas de solución y contraste de texto/fórmulas,[]
1bc800a06e3b,oficial,n25,es,7,apartado,confirmado,Sin divergencia sustancial detectada dentro del alcance descrito,Lectura visual de las páginas de solución y contraste de texto/fórmulas,[]
1bc800a06e3b,oficial,n26,es,7,apartado,confirmado,Sin divergencia sustancial detectada dentro del alcance descrito,Lectura visual de las páginas de solución y contraste de texto/fórmulas,[]
2787fc4d640f,oficial,n3,es,4,apartado,confirmado,Sin divergencia sustancial detectada dentro del alcance descrito,Lectura visual de las páginas de solución y contraste de texto/fórmulas,[]
2787fc4d640f,oficial,n4,es,4,apartado,confirmado,Sin divergencia sustancial detectada dentro del alcance descrito,Lectura visual de las páginas de solución y contraste de texto/fórmulas,[]
2787fc4d640f,oficial,n5,es,4,apartado,confirmado,Defectos o límites documentados: S17,Lectura visual de las páginas de solución y contraste de texto/fórmulas,['S17']
2787fc4d640f,oficial,n6,es,4,apartado,confirmado,Sin divergencia sustancial detectada dentro del alcance descrito,Lectura visual de las páginas de solución y contraste de texto/fórmulas,[]
2787fc4d640f,oficial,n8,es,4,apartado,confirmado,Sin divergencia sustancial detectada dentro del alcance descrito,Lectura visual de las páginas de solución y contraste de texto/fórmulas,[]
2787fc4d640f,oficial,n9,es,4,apartado,confirmado,Sin divergencia sustancial detectada dentro del alcance descrito,Lectura visual de las páginas de solución y contraste de texto/fórmulas,[]
2787fc4d640f,oficial,n10,es,4,apartado,confirmado,Sin divergencia sustancial detectada dentro del alcance descrito,Lectura visual de las páginas de solución y contraste de texto/fórmulas,[]
2787fc4d640f,oficial,n12,es,4,apartado,confirmado,Sin divergencia sustancial detectada dentro del alcance descrito,Lectura visual de las páginas de solución y contraste de texto/fórmulas,[]
2787fc4d640f,oficial,n13,es,4,apartado,confirmado,Sin divergencia sustancial detectada dentro del alcance descrito,Lectura visual de las páginas de solución y contraste de texto/fórmulas,[]
2787fc4d640f,oficial,n14,es,4,apartado,confirmado,Sin divergencia sustancial detectada dentro del alcance descrito,Lectura visual de las páginas de solución y contraste de texto/fórmulas,[]
2787fc4d640f,oficial,n16,es,4,apartado,confirmado,Sin divergencia sustancial detectada dentro del alcance descrito,Lectura visual de las páginas de solución y contraste de texto/fórmulas,[]
2787fc4d640f,oficial,n17,es,4,apartado,confirmado,Sin divergencia sustancial detectada dentro del alcance descrito,Lectura visual de las páginas de solución y contraste de texto/fórmulas,[]
2787fc4d640f,oficial,n18,es,4,apartado,confirmado,Sin divergencia sustancial detectada dentro del alcance descrito,Lectura visual de las páginas de solución y contraste de texto/fórmulas,[]
2787fc4d640f,oficial,n19,es,4,apartado,confirmado,Sin divergencia sustancial detectada dentro del alcance descrito,Lectura visual de las páginas de solución y contraste de texto/fórmulas,[]
2787fc4d640f,oficial,n21,es,4,apartado,confirmado,Sin divergencia sustancial detectada dentro del alcance descrito,Lectura visual de las páginas de solución y contraste de texto/fórmulas,[]
2787fc4d640f,oficial,n22,es,4,apartado,confirmado,Sin divergencia sustancial detectada dentro del alcance descrito,Lectura visual de las páginas de solución y contraste de texto/fórmulas,[]
2787fc4d640f,oficial,n23,es,4,apartado,confirmado,Sin divergencia sustancial detectada dentro del alcance descrito,Lectura visual de las páginas de solución y contraste de texto/fórmulas,[]
2787fc4d640f,oficial,n26,es,5,apartado,confirmado,Sin divergencia sustancial detectada dentro del alcance descrito,Lectura visual de las páginas de solución y contraste de texto/fórmulas,[]
2787fc4d640f,oficial,n27,es,5,apartado,confirmado,Sin divergencia sustancial detectada dentro del alcance descrito,Lectura visual de las páginas de solución y contraste de texto/fórmulas,[]
2787fc4d640f,oficial,n28,es,5,apartado,confirmado,Sin divergencia sustancial detectada dentro del alcance descrito,Lectura visual de las páginas de solución y contraste de texto/fórmulas,[]
2787fc4d640f,oficial,n30,es,5,apartado,confirmado,Sin divergencia sustancial detectada dentro del alcance descrito,Lectura visual de las páginas de solución y contraste de texto/fórmulas,[]
2787fc4d640f,oficial,n31,es,5,apartado,confirmado,Sin divergencia sustancial detectada dentro del alcance descrito,Lectura visual de las páginas de solución y contraste de texto/fórmulas,[]
2787fc4d640f,oficial,n32,es,5,apartado,confirmado,Sin divergencia sustancial detectada dentro del alcance descrito,Lectura visual de las páginas de solución y contraste de texto/fórmulas,[]
2787fc4d640f,oficial,n33,es,5,apartado,confirmado,Sin divergencia sustancial detectada dentro del alcance descrito,Lectura visual de las páginas de solución y contraste de texto/fórmulas,[]
2787fc4d640f,oficial,n35,es,5,apartado,confirmado,Defectos o límites documentados: S19,Lectura visual de las páginas de solución y contraste de texto/fórmulas,['S19']
2787fc4d640f,oficial,n36,es,5,apartado,confirmado,Sin divergencia sustancial detectada dentro del alcance descrito,Lectura visual de las páginas de solución y contraste de texto/fórmulas,[]
2787fc4d640f,oficial,n37,es,5,apartado,confirmado,Sin divergencia sustancial detectada dentro del alcance descrito,Lectura visual de las páginas de solución y contraste de texto/fórmulas,[]
2787fc4d640f,oficial,n38,es,5,apartado,confirmado,Sin divergencia sustancial detectada dentro del alcance descrito,Lectura visual de las páginas de solución y contraste de texto/fórmulas,[]
2787fc4d640f,oficial,n40,es,5,apartado,confirmado,Sin divergencia sustancial detectada dentro del alcance descrito,Lectura visual de las páginas de solución y contraste de texto/fórmulas,[]
2787fc4d640f,oficial,n41,es,5,apartado,confirmado,Sin divergencia sustancial detectada dentro del alcance descrito,Lectura visual de las páginas de solución y contraste de texto/fórmulas,[]
2787fc4d640f,oficial,n42,es,5,apartado,confirmado,Defectos o límites documentados: S19,Lectura visual de las páginas de solución y contraste de texto/fórmulas,['S19']
2787fc4d640f,oficial,n44,es,5,apartado,confirmado,Defectos o límites documentados: S19,Lectura visual de las páginas de solución y contraste de texto/fórmulas,['S19']
2787fc4d640f,oficial,n45,es,5,apartado,confirmado,Sin divergencia sustancial detectada dentro del alcance descrito,Lectura visual de las páginas de solución y contraste de texto/fórmulas,[]
2787fc4d640f,oficial,n46,es,5,apartado,confirmado,Sin divergencia sustancial detectada dentro del alcance descrito,Lectura visual de las páginas de solución y contraste de texto/fórmulas,[]
32384d10aa13,oficial,n3,es,4,pregunta,confirmado,Sin divergencia sustancial detectada dentro del alcance descrito,"Cotejo léxico de texto completo y revisión manual de atribución, tema y casos divergentes; sin certificación semántica exhaustiva de cada frase",[]
32384d10aa13,oficial,n4,es,4,pregunta,confirmado,Sin divergencia sustancial detectada dentro del alcance descrito,"Cotejo léxico de texto completo y revisión manual de atribución, tema y casos divergentes; sin certificación semántica exhaustiva de cada frase",[]
32384d10aa13,oficial,n5,es,4,pregunta,confirmado,Sin divergencia sustancial detectada dentro del alcance descrito,"Cotejo léxico de texto completo y revisión manual de atribución, tema y casos divergentes; sin certificación semántica exhaustiva de cada frase",[]
32384d10aa13,oficial,n6,es,4,pregunta,confirmado,Sin divergencia sustancial detectada dentro del alcance descrito,"Cotejo léxico de texto completo y revisión manual de atribución, tema y casos divergentes; sin certificación semántica exhaustiva de cada frase",[]
32384d10aa13,oficial,n7,es,4,pregunta,confirmado,Sin divergencia sustancial detectada dentro del alcance descrito,"Cotejo léxico de texto completo y revisión manual de atribución, tema y casos divergentes; sin certificación semántica exhaustiva de cada frase",[]
32384d10aa13,oficial,n8,es,4,pregunta,confirmado,Sin divergencia sustancial detectada dentro del alcance descrito,"Cotejo léxico de texto completo y revisión manual de atribución, tema y casos divergentes; sin certificación semántica exhaustiva de cada frase",[]
32384d10aa13,oficial,n9,es,5,pregunta,confirmado,Sin divergencia sustancial detectada dentro del alcance descrito,"Cotejo léxico de texto completo y revisión manual de atribución, tema y casos divergentes; sin certificación semántica exhaustiva de cada frase",[]
32384d10aa13,oficial,n10,es,5,pregunta,confirmado,Sin divergencia sustancial detectada dentro del alcance descrito,"Cotejo léxico de texto completo y revisión manual de atribución, tema y casos divergentes; sin certificación semántica exhaustiva de cada frase",[]
32384d10aa13,oficial,n13,es,5,pregunta,confirmado,Sin divergencia sustancial detectada dentro del alcance descrito,"Cotejo léxico de texto completo y revisión manual de atribución, tema y casos divergentes; sin certificación semántica exhaustiva de cada frase",[]
32384d10aa13,oficial,n14,es,5,pregunta,confirmado,Sin divergencia sustancial detectada dentro del alcance descrito,"Cotejo léxico de texto completo y revisión manual de atribución, tema y casos divergentes; sin certificación semántica exhaustiva de cada frase",[]
32384d10aa13,oficial,n15,es,5,pregunta,confirmado,Defectos o límites documentados: S08,"Cotejo léxico de texto completo y revisión manual de atribución, tema y casos divergentes; sin certificación semántica exhaustiva de cada frase",['S08']
32384d10aa13,oficial,n16,es,5,pregunta,confirmado,Defectos o límites documentados: S08,"Cotejo léxico de texto completo y revisión manual de atribución, tema y casos divergentes; sin certificación semántica exhaustiva de cada frase",['S08']
32384d10aa13,oficial,n17,es,6,pregunta,confirmado,Sin divergencia sustancial detectada dentro del alcance descrito,"Cotejo léxico de texto completo y revisión manual de atribución, tema y casos divergentes; sin certificación semántica exhaustiva de cada frase",[]
32384d10aa13,oficial,n18,es,6,pregunta,confirmado,Sin divergencia sustancial detectada dentro del alcance descrito,"Cotejo léxico de texto completo y revisión manual de atribución, tema y casos divergentes; sin certificación semántica exhaustiva de cada frase",[]
32384d10aa13,oficial,n19,es,6,pregunta,confirmado,Sin divergencia sustancial detectada dentro del alcance descrito,"Cotejo léxico de texto completo y revisión manual de atribución, tema y casos divergentes; sin certificación semántica exhaustiva de cada frase",[]
32384d10aa13,oficial,n22,es,7,apartado,confirmado,Sin divergencia sustancial detectada dentro del alcance descrito,"Cotejo léxico de texto completo y revisión manual de atribución, tema y casos divergentes; sin certificación semántica exhaustiva de cada frase",[]
3c134e1125e6,oficial,n3,va,1,apartado,confirmado,Sin divergencia sustancial detectada dentro del alcance descrito,"Cotejo léxico de texto completo y revisión manual de atribución, tema y casos divergentes; sin certificación semántica exhaustiva de cada frase",[]
3c134e1125e6,oficial,n3,es,4,apartado,confirmado,Sin divergencia sustancial detectada dentro del alcance descrito,"Cotejo léxico de texto completo y revisión manual de atribución, tema y casos divergentes; sin certificación semántica exhaustiva de cada frase",[]
3c134e1125e6,oficial,n4,va,1,apartado,confirmado,Sin divergencia sustancial detectada dentro del alcance descrito,"Cotejo léxico de texto completo y revisión manual de atribución, tema y casos divergentes; sin certificación semántica exhaustiva de cada frase",[]
3c134e1125e6,oficial,n4,es,4,apartado,confirmado,Sin divergencia sustancial detectada dentro del alcance descrito,"Cotejo léxico de texto completo y revisión manual de atribución, tema y casos divergentes; sin certificación semántica exhaustiva de cada frase",[]
3c134e1125e6,oficial,n5,va,1,apartado,confirmado,Sin divergencia sustancial detectada dentro del alcance descrito,"Cotejo léxico de texto completo y revisión manual de atribución, tema y casos divergentes; sin certificación semántica exhaustiva de cada frase",[]
3c134e1125e6,oficial,n5,es,4,apartado,confirmado,Sin divergencia sustancial detectada dentro del alcance descrito,"Cotejo léxico de texto completo y revisión manual de atribución, tema y casos divergentes; sin certificación semántica exhaustiva de cada frase",[]
3c134e1125e6,oficial,n6,va,1,apartado,confirmado,Sin divergencia sustancial detectada dentro del alcance descrito,"Cotejo léxico de texto completo y revisión manual de atribución, tema y casos divergentes; sin certificación semántica exhaustiva de cada frase",[]
3c134e1125e6,oficial,n6,es,4,apartado,confirmado,Sin divergencia sustancial detectada dentro del alcance descrito,"Cotejo léxico de texto completo y revisión manual de atribución, tema y casos divergentes; sin certificación semántica exhaustiva de cada frase",[]
3c134e1125e6,oficial,n8,va,1,pregunta,confirmado,Defectos o límites documentados: S14,"Cotejo léxico de texto completo y revisión manual de atribución, tema y casos divergentes; sin certificación semántica exhaustiva de cada frase",['S14']
3c134e1125e6,oficial,n8,es,4,pregunta,confirmado,Defectos o límites documentados: S14,"Cotejo léxico de texto completo y revisión manual de atribución, tema y casos divergentes; sin certificación semántica exhaustiva de cada frase",['S14']
3c134e1125e6,oficial,n9,va,2,pregunta,confirmado,Defectos o límites documentados: S11,"Cotejo léxico de texto completo y revisión manual de atribución, tema y casos divergentes; sin certificación semántica exhaustiva de cada frase",['S11']
3c134e1125e6,oficial,n9,es,5,pregunta,confirmado,Defectos o límites documentados: S11,"Cotejo léxico de texto completo y revisión manual de atribución, tema y casos divergentes; sin certificación semántica exhaustiva de cada frase",['S11']
3c134e1125e6,oficial,n12,va,2,apartado,confirmado,Sin divergencia sustancial detectada dentro del alcance descrito,"Cotejo léxico de texto completo y revisión manual de atribución, tema y casos divergentes; sin certificación semántica exhaustiva de cada frase",[]
3c134e1125e6,oficial,n12,es,5,apartado,confirmado,Sin divergencia sustancial detectada dentro del alcance descrito,"Cotejo léxico de texto completo y revisión manual de atribución, tema y casos divergentes; sin certificación semántica exhaustiva de cada frase",[]
3c134e1125e6,oficial,n13,va,2,apartado,confirmado,Defectos o límites documentados: S14,"Cotejo léxico de texto completo y revisión manual de atribución, tema y casos divergentes; sin certificación semántica exhaustiva de cada frase",['S14']
3c134e1125e6,oficial,n13,es,5,apartado,confirmado,Defectos o límites documentados: S14,"Cotejo léxico de texto completo y revisión manual de atribución, tema y casos divergentes; sin certificación semántica exhaustiva de cada frase",['S14']
3c134e1125e6,oficial,n14,va,3,pregunta,confirmado,Sin divergencia sustancial detectada dentro del alcance descrito,"Cotejo léxico de texto completo y revisión manual de atribución, tema y casos divergentes; sin certificación semántica exhaustiva de cada frase",[]
3c134e1125e6,oficial,n14,es,6,pregunta,confirmado,Sin divergencia sustancial detectada dentro del alcance descrito,"Cotejo léxico de texto completo y revisión manual de atribución, tema y casos divergentes; sin certificación semántica exhaustiva de cada frase",[]
49e9ef3c3296,oficial,n2,es,1,apartado,confirmado,Defectos o límites documentados: S13,Lectura visual de las páginas de solución y contraste de texto/fórmulas,['S13']
49e9ef3c3296,oficial,n3,es,1,apartado,confirmado,Sin divergencia sustancial detectada dentro del alcance descrito,Lectura visual de las páginas de solución y contraste de texto/fórmulas,[]
49e9ef3c3296,oficial,n5,es,1,apartado,confirmado,Sin divergencia sustancial detectada dentro del alcance descrito,Lectura visual de las páginas de solución y contraste de texto/fórmulas,[]
49e9ef3c3296,oficial,n6,es,1,apartado,confirmado,Sin divergencia sustancial detectada dentro del alcance descrito,Lectura visual de las páginas de solución y contraste de texto/fórmulas,[]
49e9ef3c3296,oficial,n8,es,2,apartado,confirmado,Defectos o límites documentados: S13,Lectura visual de las páginas de solución y contraste de texto/fórmulas,['S13']
49e9ef3c3296,oficial,n9,es,2,apartado,confirmado,Defectos o límites documentados: S13,Lectura visual de las páginas de solución y contraste de texto/fórmulas,['S13']
49e9ef3c3296,oficial,n11,es,2,pregunta,confirmado,Sin divergencia sustancial detectada dentro del alcance descrito,Lectura visual de las páginas de solución y contraste de texto/fórmulas,[]
49e9ef3c3296,oficial,n12,es,2,pregunta,confirmado,Sin divergencia sustancial detectada dentro del alcance descrito,Lectura visual de las páginas de solución y contraste de texto/fórmulas,[]
49e9ef3c3296,oficial,n13,es,2,apartado,confirmado,Sin divergencia sustancial detectada dentro del alcance descrito,Lectura visual de las páginas de solución y contraste de texto/fórmulas,[]
49e9ef3c3296,oficial,n14,es,2,apartado,confirmado,Sin divergencia sustancial detectada dentro del alcance descrito,Lectura visual de las páginas de solución y contraste de texto/fórmulas,[]
49e9ef3c3296,oficial,n16,es,3,pregunta,confirmado,Sin divergencia sustancial detectada dentro del alcance descrito,Lectura visual de las páginas de solución y contraste de texto/fórmulas,[]
49e9ef3c3296,oficial,n17,es,3,pregunta,confirmado,Sin divergencia sustancial detectada dentro del alcance descrito,Lectura visual de las páginas de solución y contraste de texto/fórmulas,[]
49e9ef3c3296,oficial,n18,es,3,apartado,confirmado,Defectos o límites documentados: S18,Lectura visual de las páginas de solución y contraste de texto/fórmulas,['S18']
49e9ef3c3296,oficial,n19,es,3,apartado,confirmado,Sin divergencia sustancial detectada dentro del alcance descrito,Lectura visual de las páginas de solución y contraste de texto/fórmulas,[]
