documento,origen,asignatura,anio,convocatoria,estado_pipeline,contiene_soluciones,entradas,desde,paginas_pdf,estado_auditoria,comprobacion_manual,hallazgos_auditoria
09feb8541d90,academia,Historia de España,2021,ordinaria,completed,True,12,1,11,confirmado,"12 respuestas castellanas de academia: documentos Cádiz/franquismo, cuatro conceptos, medidas legislativas, ideología, constituciones y mujer. Cotejo léxico íntegro contra pp1–11 y atribución de todos los nodos por pregunta/tema. No versión valenciana en la fuente. n3 referencia p2 aunque comienza p1.",['S09']
16d0161b5c29,academia,Historia de España,2020,ordinaria,completed,True,12,1,11,confirmado,"12 respuestas castellanas de academia: Trienio, Riego, sufragio/Segunda República, cuatro conceptos y comparaciones. Cotejo léxico íntegro pp1–11 y atribución por encabezados/enunciados. Sin traducción valenciana añadida ni omisión textual grande detectada.",[]
1b0c55921d01,academia,Historia de España,2022,ordinaria,completed,True,12,1,8,confirmado,"12 respuestas castellanas de academia: Inquisición, Trienio, Juan Carlos, Transición y cuatro conceptos. Cotejo léxico íntegro pp1–8 y atribución por preguntas/temas. n16 apunta p7 aunque empieza p6. No versión valenciana inventada.",['S10']
25fcf7208b8f,academia,Matemáticas II,2022,ordinaria,completed,True,21,1,9,confirmado,"21 entradas contrastadas con las9 páginas manuscritas renderizadas: discusión/sistema,derivadas/integral,recta/plano,binomial-normal,edades,Bolzano/área,rectas y Bayes.3 errores numéricos/léxicos visibles y síntesis sistemática de pasos;2 errores matemáticos graves n7/n15; erratas fuente n5,n14,n26 reconocidas.","['S02', 'S03', 'S12']"
334e3227bf82,academia,Historia de España,2023,extraordinaria,completed,True,12,1,9,confirmado,"12 respuestas castellanas de academia: Constitución1812/FernandoVII, huelga1917/Primo, cuatro conceptos y temas constitucionales/sociales. Cotejo léxico íntegro pp1–9 y atribución por encabezados. Cuatro conceptos n8–n11 correctos en s1 desaparecen de publicación.",['S06']
6426459db740,academia,Historia de España,2021,extraordinaria,completed,True,20,1,12,confirmado,"20 respuestas castellanas de academia:12 cuestiones,2 fuentes históricas con2 apartados cada una,1 tema,3 comentarios. Cotejo léxico íntegro pp1–12; correspondencia por A/B y enunciado. Texto con errores históricos ya presentes en fuente; la auditoría no los atribuye a Luna ni certifica exactitud histórica.",[]
01808acbd270,oficial,Historia de España,2024,extraordinaria,completed,False,0,3,7,confirmado,"Leídas pp3–7: criterios de cuestiones, fuente, tema y texto; orientaciones y temario. No dan respuestas concretas. false correcto.",[]
053608cf06ee,oficial,Lengua Castellana y Literatura II,2013,extraordinaria,completed,False,0,1,2,confirmado,"Leídas pp1–2 de criterios oficiales valencianos: comentario, morfología, sintaxis, cohesión, adecuación, literatura y descuentos. No hay soluciones concretas. false correcto.",[]
070c3795d83c,oficial,Técnicas de Expresión Gráfico-Plástica,2026,extraordinaria,completed,False,0,1,4,confirmado,"Leídas pp1–4: tablas y escalas de evaluación para apartados A/B; las imágenes 1/2/3 son productos a evaluar, no soluciones propuestas. false correcto.",[]
0743849de2d6,oficial,Lengua Castellana y Literatura II,2025,ordinaria,completed,True,6,3,6,confirmado,"6 entradas verificadas contra pp5–6: tema, tipo textual,2 análisis sintácticos,regeneración y antónimos. Se omiten respuestas abiertas porque fuente no las resuelve.2 respuestas son solo marcador de figura; esquema cumple s1 pero no conserva análisis.",['S16']
0a50595f8036,oficial,Dibujo Artístico II,2026,ordinaria,completed,False,0,2,3,confirmado,"Leídas pp2–3: criterios de boceto/dibujo final y orientaciones. La p3 lleva SOLUCIONES, pero contiene un temario, no dibujos resueltos. false correcto.",[]
0b7e227a5499,oficial,Matemáticas II,2026,modelo,completed,True,13,3,7,confirmado,"13 respuestas de pp5–6 cotejadas textual y visualmente: dron,función par,integral,binomial/normal,matrices,Bolzano y continuidad. Fórmulas/resultados de las13 conservados. Solución4.2 a/b p6 completamente perdida: no existe nodo p5 y sin_correspondencia vacío.",['S05']
0bed555f767c,oficial,Italiano,2018,extraordinaria,completed,False,0,3,3,confirmado,"Leída p3: criterios de comprensión, morfosintaxis y redacción italiana, sin respuestas. false correcto; no se inventan textos italianos.",[]
0d5e5806192a,oficial,Lengua Castellana y Literatura II,2019,extraordinaria,completed,False,0,3,4,confirmado,Leídas pp3–4: estructura de Lengua y criterios generales de todas las preguntas; no hay solucionario concreto. false correcto.,[]
0fedaac3fe5f,oficial,Lengua Castellana y Literatura II,2011,extraordinaria,completed,False,0,1,2,confirmado,Leídas pp1–2: criterios generales valencianos y penalizaciones; no hay respuestas. false correcto.,[]
114bff1bacb1,oficial,Lengua Castellana y Literatura II,2023,ordinaria,completed,True,8,3,6,confirmado,"8 entradas contrastadas con pp5–6, ambas renderizadas: temas/tipos A/B,morfología,antónimos y2 árboles sintácticos. Árboles convertidos en etiquetas sin relaciones. Fuente morfológica plural contradice enunciado singular y no hay incidencia.","['S07', 'S15']"
13244a0fa596,oficial,Historia de España,2021,extraordinaria,completed,False,0,3,8,confirmado,"Leídas pp3–8: criterios de Historia, orientaciones y programa. No respuestas específicas de ese examen. false correcto.",[]
172579fa76d4,oficial,Historia de la Filosofía,2021,extraordinaria,completed,False,0,6,7,confirmado,"Leídas pp6–7: rúbricas graduadas de Filosofía, bloques1/2. No respuesta filosófica concreta; false correcto.",[]
17445f0ab770,oficial,Química,2023,ordinaria,completed,False,0,1,1,confirmado,Leída p1 bilingüe es/va: seis reglas generales de Química. No resultados químicos. false correcto.,[]
184bfaad518f,oficial,Matemáticas II,2019,modelo,completed,True,9,6,8,confirmado,"9 respuestas B de p6 cotejadas visualmente, incluida barra de complemento; p5 completa renderizada. Pipeline entrega desde6 y omite12 apartados A de p5. n31 pierde complemento de M e inventa incidencia sobre errata de fuente.","['S01', 'S04']"
1bc800a06e3b,oficial,Matemáticas II,2021,ordinaria,completed,True,20,6,7,confirmado,"20 respuestas contrastadas íntegramente con pp6–7 renderizadas: acciones,área,recta/plano,normal,sistema,derivadas/integral,planos y probabilidad. Incluidas barras de complemento correctas en B4. No cambio matemático sustancial detectado; corrige pequeñas erratas tipográficas de fuente sin avisar.",[]
2787fc4d640f,oficial,Química,2019,modelo,completed,True,34,3,11,confirmado,"34 apartados contrastados textual y visualmente pp4–5: enlace/Lewis,solubilidad,ácidos,orgánica,electrolisis,átomos,cinética,redox/equilibrio. Fórmulas,cargas,coeficientes,resultados y tablas revisados. Lewis solo marcador; K→k y corchete sobrante corregidos; tres incidencias de salida comprobadas.","['S17', 'S19']"
32384d10aa13,oficial,Historia de España,2018,modelo,completed,True,16,3,14,confirmado,"16 respuestas castellanas de pp4–7:12 cuestiones,2 fuentes,tema Transición y comentario Mendizábal. Cotejo léxico completo y atribución por A/B y contenido. n15/n16 citan p5 pero están íntegramente en p6, confirmado visual.",['S08']
3c134e1125e6,oficial,Historia de España,2026,ordinaria,completed,True,9,1,6,confirmado,"9 nodos con18 textos es/va contrastados pp1–6:4 conceptos,2 fuentes,2 temas y comparación agraria. Correspondencias correctas; n9 es empieza p4 y cita5; n13 va traduce Fernando→Ferran; otras regularizaciones valencianas incumplen literalidad estricta.","['S11', 'S14']"
49e9ef3c3296,oficial,Matemáticas II,2026,extraordinaria,completed,True,14,1,6,confirmado,"14 entradas pp1–3 cotejadas textual y visualmente: sistema/productores,cúbica,probabilidad,geometría,integral y área. Árbol de probabilidad p1 omitido sin marcador; definición de x/y/z ausente de n2. Gráfica5B representada por marcador n18. Resultados de14 entradas conservados.","['S13', 'S18']"
